"","id","garagecars","garagetype_2Types","garagetype_Attchd","garagetype_Basment","garagetype_BuiltIn","garagetype_CarPort","garagetype_Detchd","garagetype_NA","garagefinish_Fin","garagefinish_RFn","garagefinish_Unf","garagefinish_NA"
"1",1,2,0,1,0,0,0,0,0,0,1,0,0
"2",2,2,0,1,0,0,0,0,0,0,1,0,0
"3",3,2,0,1,0,0,0,0,0,0,1,0,0
"4",4,3,0,0,0,0,0,1,0,0,0,1,0
"5",5,3,0,1,0,0,0,0,0,0,1,0,0
"6",6,2,0,1,0,0,0,0,0,0,0,1,0
"7",7,2,0,1,0,0,0,0,0,0,1,0,0
"8",8,2,0,1,0,0,0,0,0,0,1,0,0
"9",9,2,0,0,0,0,0,1,0,0,0,1,0
"10",10,1,0,1,0,0,0,0,0,0,1,0,0
"11",11,1,0,0,0,0,0,1,0,0,0,1,0
"12",12,3,0,0,0,1,0,0,0,1,0,0,0
"13",13,1,0,0,0,0,0,1,0,0,0,1,0
"14",14,3,0,1,0,0,0,0,0,0,1,0,0
"15",15,1,0,1,0,0,0,0,0,0,1,0,0
"16",16,2,0,0,0,0,0,1,0,0,0,1,0
"17",17,2,0,1,0,0,0,0,0,1,0,0,0
"18",18,2,0,0,0,0,1,0,0,0,0,1,0
"19",19,2,0,0,0,0,0,1,0,0,0,1,0
"20",20,1,0,1,0,0,0,0,0,0,0,1,0
"21",21,3,0,0,0,1,0,0,0,0,1,0,0
"22",22,1,0,1,0,0,0,0,0,0,0,1,0
"23",23,2,0,1,0,0,0,0,0,0,1,0,0
"24",24,2,0,1,0,0,0,0,0,0,0,1,0
"25",25,1,0,1,0,0,0,0,0,0,0,1,0
"26",26,3,0,1,0,0,0,0,0,0,1,0,0
"27",27,2,0,0,0,0,0,1,0,0,0,1,0
"28",28,3,0,1,0,0,0,0,0,0,1,0,0
"29",29,1,0,1,0,0,0,0,0,0,1,0,0
"30",30,1,0,0,0,0,0,1,0,0,0,1,0
"31",31,1,0,0,0,0,0,1,0,0,0,1,0
"32",32,1,0,1,0,0,0,0,0,0,0,1,0
"33",33,2,0,1,0,0,0,0,0,0,1,0,0
"34",34,2,0,1,0,0,0,0,0,0,1,0,0
"35",35,2,0,1,0,0,0,0,0,1,0,0,0
"36",36,3,0,0,0,1,0,0,0,1,0,0,0
"37",37,2,0,1,0,0,0,0,0,0,0,1,0
"38",38,2,0,1,0,0,0,0,0,1,0,0,0
"39",39,1,0,0,0,0,0,1,0,0,0,1,0
"40",40,0,NA,NA,NA,NA,NA,NA,1,NA,NA,NA,1
"41",41,2,0,1,0,0,0,0,0,0,1,0,0
"42",42,1,0,1,0,0,0,0,0,0,1,0,0
"43",43,2,0,1,0,0,0,0,0,0,1,0,0
"44",44,1,0,0,0,0,0,1,0,0,0,1,0
"45",45,1,0,1,0,0,0,0,0,0,1,0,0
"46",46,2,0,1,0,0,0,0,0,0,1,0,0
"47",47,2,0,1,0,0,0,0,0,0,1,0,0
"48",48,3,0,1,0,0,0,0,0,0,1,0,0
"49",49,0,NA,NA,NA,NA,NA,NA,1,NA,NA,NA,1
"50",50,1,0,1,0,0,0,0,0,0,0,1,0
"51",51,2,0,1,0,0,0,0,0,1,0,0,0
"52",52,2,0,0,0,0,0,1,0,0,0,1,0
"53",53,2,0,0,0,0,1,0,0,0,0,1,0
"54",54,3,0,1,0,0,0,0,0,1,0,0,0
"55",55,2,0,0,0,0,0,1,0,0,0,1,0
"56",56,2,0,1,0,0,0,0,0,0,1,0,0
"57",57,2,0,1,0,0,0,0,0,1,0,0,0
"58",58,2,0,1,0,0,0,0,0,0,1,0,0
"59",59,3,0,0,0,1,0,0,0,1,0,0,0
"60",60,1,0,0,0,0,0,1,0,0,0,1,0
"61",61,2,0,0,0,0,0,1,0,0,0,1,0
"62",62,1,0,0,0,0,0,1,0,0,0,1,0
"63",63,2,0,1,0,0,0,0,0,0,1,0,0
"64",64,2,0,0,0,0,0,1,0,0,0,1,0
"65",65,2,0,1,0,0,0,0,0,0,1,0,0
"66",66,3,0,0,0,1,0,0,0,0,1,0,0
"67",67,2,0,1,0,0,0,0,0,0,1,0,0
"68",68,2,0,1,0,0,0,0,0,0,1,0,0
"69",69,1,0,1,0,0,0,0,0,0,0,1,0
"70",70,2,0,1,0,0,0,0,0,1,0,0,0
"71",71,2,0,1,0,0,0,0,0,1,0,0,0
"72",72,2,0,0,0,0,0,1,0,0,0,1,0
"73",73,2,0,1,0,0,0,0,0,1,0,0,0
"74",74,2,0,1,0,0,0,0,0,0,0,1,0
"75",75,1,0,0,0,0,0,1,0,0,0,1,0
"76",76,1,0,0,0,1,0,0,0,0,0,1,0
"77",77,1,0,0,0,0,0,1,0,0,0,1,0
"78",78,1,0,0,0,0,0,1,0,0,0,1,0
"79",79,0,NA,NA,NA,NA,NA,NA,1,NA,NA,NA,1
"80",80,2,0,0,0,0,0,1,0,0,0,1,0
"81",81,1,0,1,0,0,0,0,0,1,0,0,0
"82",82,2,0,1,0,0,0,0,0,1,0,0,0
"83",83,3,0,1,0,0,0,0,0,0,1,0,0
"84",84,2,0,0,0,0,0,1,0,0,0,1,0
"85",85,2,0,0,0,1,0,0,0,1,0,0,0
"86",86,2,0,1,0,0,0,0,0,0,0,1,0
"87",87,2,0,0,0,1,0,0,0,1,0,0,0
"88",88,2,0,0,0,0,0,1,0,0,1,0,0
"89",89,0,NA,NA,NA,NA,NA,NA,1,NA,NA,NA,1
"90",90,0,NA,NA,NA,NA,NA,NA,1,NA,NA,NA,1
"91",91,2,0,0,0,0,0,1,0,0,0,1,0
"92",92,2,0,1,0,0,0,0,0,0,0,1,0
"93",93,2,0,0,0,0,0,1,0,0,0,1,0
"94",94,2,0,0,0,0,0,1,0,0,0,1,0
"95",95,2,0,1,0,0,0,0,0,0,1,0,0
"96",96,2,0,0,0,1,0,0,0,1,0,0,0
"97",97,2,0,1,0,0,0,0,0,0,1,0,0
"98",98,1,0,1,0,0,0,0,0,1,0,0,0
"99",99,1,0,0,1,0,0,0,0,0,0,1,0
"100",100,0,NA,NA,NA,NA,NA,NA,1,NA,NA,NA,1
"101",101,2,0,1,0,0,0,0,0,0,1,0,0
"102",102,2,0,1,0,0,0,0,0,1,0,0,0
"103",103,2,0,1,0,0,0,0,0,0,0,1,0
"104",104,3,0,1,0,0,0,0,0,0,1,0,0
"105",105,1,0,0,0,0,0,1,0,0,0,1,0
"106",106,2,0,1,0,0,0,0,0,0,1,0,0
"107",107,1,0,0,0,0,0,1,0,0,0,1,0
"108",108,1,0,0,0,0,0,1,0,0,0,1,0
"109",109,0,NA,NA,NA,NA,NA,NA,1,NA,NA,NA,1
"110",110,2,0,1,0,0,0,0,0,0,1,0,0
"111",111,1,0,1,0,0,0,0,0,0,0,1,0
"112",112,2,0,0,0,1,0,0,0,1,0,0,0
"113",113,3,0,0,0,1,0,0,0,1,0,0,0
"114",114,2,0,0,1,0,0,0,0,0,0,1,0
"115",115,1,0,0,0,0,0,1,0,0,0,1,0
"116",116,2,0,0,0,0,0,1,0,0,0,1,0
"117",117,1,0,1,0,0,0,0,0,0,0,1,0
"118",118,2,0,1,0,0,0,0,0,0,0,1,0
"119",119,3,0,1,0,0,0,0,0,0,0,1,0
"120",120,2,0,1,0,0,0,0,0,1,0,0,0
"121",121,2,0,1,0,0,0,0,0,0,0,1,0
"122",122,1,0,0,0,0,0,1,0,0,0,1,0
"123",123,1,0,1,0,0,0,0,0,0,0,1,0
"124",124,2,0,1,0,0,0,0,0,0,1,0,0
"125",125,2,0,1,0,0,0,0,0,0,0,1,0
"126",126,0,NA,NA,NA,NA,NA,NA,1,NA,NA,NA,1
"127",127,2,0,1,0,0,0,0,0,0,1,0,0
"128",128,0,NA,NA,NA,NA,NA,NA,1,NA,NA,NA,1
"129",129,2,0,1,0,0,0,0,0,0,1,0,0
"130",130,2,1,0,0,0,0,0,0,0,1,0,0
"131",131,2,0,1,0,0,0,0,0,1,0,0,0
"132",132,2,0,0,0,1,0,0,0,0,1,0,0
"133",133,2,0,0,0,0,0,1,0,0,0,1,0
"134",134,2,0,1,0,0,0,0,0,1,0,0,0
"135",135,2,0,1,0,0,0,0,0,0,1,0,0
"136",136,2,0,1,0,0,0,0,0,0,0,1,0
"137",137,1,0,1,0,0,0,0,0,0,1,0,0
"138",138,3,1,0,0,0,0,0,0,0,0,1,0
"139",139,3,0,1,0,0,0,0,0,1,0,0,0
"140",140,2,0,1,0,0,0,0,0,0,1,0,0
"141",141,0,NA,NA,NA,NA,NA,NA,1,NA,NA,NA,1
"142",142,2,0,1,0,0,0,0,0,1,0,0,0
"143",143,2,0,0,0,0,0,1,0,0,0,1,0
"144",144,2,0,1,0,0,0,0,0,0,1,0,0
"145",145,2,0,0,0,0,0,1,0,0,0,1,0
"146",146,2,0,0,0,0,0,1,0,0,0,1,0
"147",147,1,0,0,0,0,0,1,0,0,0,1,0
"148",148,2,0,0,0,1,0,0,0,1,0,0,0
"149",149,0,NA,NA,NA,NA,NA,NA,1,NA,NA,NA,1
"150",150,1,0,0,0,0,0,1,0,0,0,1,0
"151",151,2,0,1,0,0,0,0,0,0,0,1,0
"152",152,3,0,1,0,0,0,0,0,0,1,0,0
"153",153,2,0,1,0,0,0,0,0,0,1,0,0
"154",154,2,0,1,0,0,0,0,0,0,1,0,0
"155",155,1,0,0,0,0,0,1,0,0,0,1,0
"156",156,0,NA,NA,NA,NA,NA,NA,1,NA,NA,NA,1
"157",157,2,0,0,0,0,0,1,0,0,0,1,0
"158",158,3,0,0,0,1,0,0,0,1,0,0,0
"159",159,2,0,1,0,0,0,0,0,0,1,0,0
"160",160,2,0,1,0,0,0,0,0,0,1,0,0
"161",161,2,0,1,0,0,0,0,0,0,0,1,0
"162",162,3,0,0,0,1,0,0,0,1,0,0,0
"163",163,2,0,1,0,0,0,0,0,0,1,0,0
"164",164,0,NA,NA,NA,NA,NA,NA,1,NA,NA,NA,1
"165",165,1,0,0,0,0,0,1,0,0,0,1,0
"166",166,0,NA,NA,NA,NA,NA,NA,1,NA,NA,NA,1
"167",167,1,0,1,0,0,0,0,0,1,0,0,0
"168",168,3,0,1,0,0,0,0,0,1,0,0,0
"169",169,2,0,1,0,0,0,0,0,1,0,0,0
"170",170,2,0,1,0,0,0,0,0,0,1,0,0
"171",171,2,0,0,0,0,0,1,0,0,0,1,0
"172",172,2,0,1,0,0,0,0,0,1,0,0,0
"173",173,2,0,1,0,0,0,0,0,0,1,0,0
"174",174,2,0,1,0,0,0,0,0,0,0,1,0
"175",175,2,0,1,0,0,0,0,0,1,0,0,0
"176",176,2,0,1,0,0,0,0,0,0,0,1,0
"177",177,2,0,1,0,0,0,0,0,0,0,1,0
"178",178,2,0,1,0,0,0,0,0,0,0,1,0
"179",179,3,0,1,0,0,0,0,0,1,0,0,0
"180",180,2,0,0,0,0,0,1,0,0,0,1,0
"181",181,2,0,0,0,0,0,1,0,0,0,1,0
"182",182,1,0,0,0,0,0,1,0,0,0,1,0
"183",183,1,0,1,0,0,0,0,0,0,1,0,0
"184",184,2,0,0,0,0,0,1,0,0,0,1,0
"185",185,2,0,1,0,0,0,0,0,0,0,1,0
"186",186,3,0,0,0,0,0,1,0,0,0,1,0
"187",187,2,0,1,0,0,0,0,0,0,0,1,0
"188",188,1,0,0,0,0,0,1,0,0,0,1,0
"189",189,2,0,0,0,0,0,1,0,0,0,1,0
"190",190,2,0,1,0,0,0,0,0,1,0,0,0
"191",191,2,0,0,0,0,0,1,0,0,0,1,0
"192",192,2,0,1,0,0,0,0,0,1,0,0,0
"193",193,2,0,1,0,0,0,0,0,1,0,0,0
"194",194,2,0,0,0,0,0,1,0,0,0,1,0
"195",195,1,0,0,0,0,0,1,0,0,0,1,0
"196",196,2,0,1,0,0,0,0,0,0,0,1,0
"197",197,3,0,1,0,0,0,0,0,1,0,0,0
"198",198,2,0,0,0,0,0,1,0,0,0,1,0
"199",199,0,NA,NA,NA,NA,NA,NA,1,NA,NA,NA,1
"200",200,3,0,1,0,0,0,0,0,1,0,0,0
"201",201,2,0,1,0,0,0,0,0,0,1,0,0
"202",202,2,0,0,0,0,0,1,0,0,0,1,0
"203",203,1,0,1,0,0,0,0,0,0,0,1,0
"204",204,2,0,1,0,0,0,0,0,0,1,0,0
"205",205,1,0,0,0,0,0,1,0,0,0,1,0
"206",206,2,0,1,0,0,0,0,0,0,1,0,0
"207",207,1,0,1,0,0,0,0,0,0,1,0,0
"208",208,1,0,1,0,0,0,0,0,0,1,0,0
"209",209,2,0,1,0,0,0,0,0,1,0,0,0
"210",210,2,0,1,0,0,0,0,0,0,1,0,0
"211",211,0,NA,NA,NA,NA,NA,NA,1,NA,NA,NA,1
"212",212,2,0,1,0,0,0,0,0,0,1,0,0
"213",213,2,0,1,0,0,0,0,0,0,1,0,0
"214",214,2,0,1,0,0,0,0,0,0,0,1,0
"215",215,1,0,1,0,0,0,0,0,1,0,0,0
"216",216,1,0,1,0,0,0,0,0,0,0,1,0
"217",217,2,0,1,0,0,0,0,0,0,0,1,0
"218",218,1,0,0,0,0,0,1,0,0,0,1,0
"219",219,2,0,1,0,0,0,0,0,0,0,1,0
"220",220,2,0,1,0,0,0,0,0,1,0,0,0
"221",221,2,0,1,0,0,0,0,0,0,1,0,0
"222",222,2,0,0,0,1,0,0,0,0,1,0,0
"223",223,2,0,1,0,0,0,0,0,0,1,0,0
"224",224,2,0,0,0,0,0,1,0,0,0,1,0
"225",225,3,0,1,0,0,0,0,0,1,0,0,0
"226",226,1,0,0,0,0,0,1,0,0,0,1,0
"227",227,3,0,1,0,0,0,0,0,0,1,0,0
"228",228,1,0,0,0,0,0,1,0,0,0,1,0
"229",229,1,0,0,0,0,0,1,0,0,0,1,0
"230",230,2,0,1,0,0,0,0,0,1,0,0,0
"231",231,1,0,1,0,0,0,0,0,0,1,0,0
"232",232,3,0,1,0,0,0,0,0,1,0,0,0
"233",233,1,0,1,0,0,0,0,0,0,0,1,0
"234",234,1,0,1,0,0,0,0,0,0,0,1,0
"235",235,2,0,0,0,1,0,0,0,1,0,0,0
"236",236,1,0,0,0,0,0,1,0,0,0,1,0
"237",237,2,0,1,0,0,0,0,0,0,1,0,0
"238",238,2,0,1,0,0,0,0,0,0,1,0,0
"239",239,3,0,1,0,0,0,0,0,1,0,0,0
"240",240,1,0,0,0,0,0,1,0,0,0,1,0
"241",241,2,0,1,0,0,0,0,0,0,1,0,0
"242",242,0,NA,NA,NA,NA,NA,NA,1,NA,NA,NA,1
"243",243,1,0,1,0,0,0,0,0,0,0,1,0
"244",244,1,0,1,0,0,0,0,0,0,1,0,0
"245",245,2,0,1,0,0,0,0,0,0,1,0,0
"246",246,2,0,1,0,0,0,0,0,1,0,0,0
"247",247,1,0,0,0,0,0,1,0,0,0,1,0
"248",248,2,0,1,0,0,0,0,0,0,0,1,0
"249",249,2,0,1,0,0,0,0,0,0,1,0,0
"250",250,2,0,1,0,0,0,0,0,1,0,0,0
"251",251,0,NA,NA,NA,NA,NA,NA,1,NA,NA,NA,1
"252",252,2,0,1,0,0,0,0,0,1,0,0,0
"253",253,2,0,1,0,0,0,0,0,0,1,0,0
"254",254,1,0,1,0,0,0,0,0,0,1,0,0
"255",255,1,0,1,0,0,0,0,0,0,1,0,0
"256",256,2,0,0,0,1,0,0,0,1,0,0,0
"257",257,2,0,1,0,0,0,0,0,0,1,0,0
"258",258,2,0,1,0,0,0,0,0,0,1,0,0
"259",259,2,0,1,0,0,0,0,0,0,1,0,0
"260",260,1,0,0,0,0,0,1,0,0,0,1,0
"261",261,2,0,1,0,0,0,0,0,0,0,1,0
"262",262,3,0,0,0,1,0,0,0,1,0,0,0
"263",263,2,0,1,0,0,0,0,0,0,0,1,0
"264",264,2,0,0,0,0,0,1,0,0,0,1,0
"265",265,2,0,0,0,0,0,1,0,0,0,1,0
"266",266,2,0,1,0,0,0,0,0,1,0,0,0
"267",267,2,0,1,0,0,0,0,0,1,0,0,0
"268",268,1,0,0,0,0,0,1,0,0,0,1,0
"269",269,1,0,0,0,0,0,1,0,1,0,0,0
"270",270,1,0,1,0,0,0,0,0,0,1,0,0
"271",271,3,0,1,0,0,0,0,0,0,1,0,0
"272",272,2,0,1,0,0,0,0,0,0,0,1,0
"273",273,3,0,1,0,0,0,0,0,1,0,0,0
"274",274,1,0,1,0,0,0,0,0,0,1,0,0
"275",275,1,0,1,0,0,0,0,0,0,0,1,0
"276",276,2,0,0,0,0,0,1,0,0,0,1,0
"277",277,2,0,1,0,0,0,0,0,1,0,0,0
"278",278,2,0,0,0,0,0,1,0,0,0,1,0
"279",279,3,0,1,0,0,0,0,0,1,0,0,0
"280",280,2,0,1,0,0,0,0,0,1,0,0,0
"281",281,2,0,1,0,0,0,0,0,1,0,0,0
"282",282,2,0,1,0,0,0,0,0,1,0,0,0
"283",283,2,0,1,0,0,0,0,0,0,1,0,0
"284",284,3,0,1,0,0,0,0,0,1,0,0,0
"285",285,2,0,1,0,0,0,0,0,0,1,0,0
"286",286,2,0,0,0,0,0,1,0,0,1,0,0
"287",287,2,0,1,0,0,0,0,0,0,1,0,0
"288",288,0,NA,NA,NA,NA,NA,NA,1,NA,NA,NA,1
"289",289,1,0,0,0,0,0,1,0,0,0,1,0
"290",290,1,0,0,0,0,0,1,0,0,0,1,0
"291",291,2,0,1,0,0,0,0,0,0,1,0,0
"292",292,0,NA,NA,NA,NA,NA,NA,1,NA,NA,NA,1
"293",293,1,0,1,0,0,0,0,0,0,0,1,0
"294",294,2,0,1,0,0,0,0,0,1,0,0,0
"295",295,2,0,1,0,0,0,0,0,1,0,0,0
"296",296,2,0,0,0,0,0,1,0,0,0,1,0
"297",297,1,0,1,0,0,0,0,0,0,0,1,0
"298",298,2,0,0,0,0,0,1,0,0,1,0,0
"299",299,2,0,1,0,0,0,0,0,0,0,1,0
"300",300,1,0,1,0,0,0,0,0,0,0,1,0
"301",301,1,0,1,0,0,0,0,0,0,0,1,0
"302",302,2,0,0,0,1,0,0,0,1,0,0,0
"303",303,3,0,1,0,0,0,0,0,0,1,0,0
"304",304,2,0,1,0,0,0,0,0,0,0,1,0
"305",305,3,0,1,0,0,0,0,0,0,0,1,0
"306",306,3,0,1,0,0,0,0,0,1,0,0,0
"307",307,3,0,1,0,0,0,0,0,0,1,0,0
"308",308,0,NA,NA,NA,NA,NA,NA,1,NA,NA,NA,1
"309",309,2,0,0,0,0,0,1,0,0,0,1,0
"310",310,3,0,1,0,0,0,0,0,1,0,0,0
"311",311,2,0,1,0,0,0,0,0,1,0,0,0
"312",312,1,0,0,0,0,0,1,0,0,0,1,0
"313",313,2,0,0,0,0,0,1,0,0,0,1,0
"314",314,2,0,1,0,0,0,0,0,0,1,0,0
"315",315,2,0,0,0,0,0,1,0,0,0,1,0
"316",316,2,0,1,0,0,0,0,0,1,0,0,0
"317",317,2,0,1,0,0,0,0,0,0,1,0,0
"318",318,3,0,1,0,0,0,0,0,0,1,0,0
"319",319,3,0,1,0,0,0,0,0,0,1,0,0
"320",320,2,0,1,0,0,0,0,0,0,0,1,0
"321",321,3,0,1,0,0,0,0,0,0,1,0,0
"322",322,3,0,0,0,1,0,0,0,1,0,0,0
"323",323,2,0,1,0,0,0,0,0,1,0,0,0
"324",324,1,0,1,0,0,0,0,0,0,0,1,0
"325",325,2,0,0,0,1,0,0,0,1,0,0,0
"326",326,2,0,0,0,0,0,1,0,0,0,1,0
"327",327,2,0,1,0,0,0,0,0,1,0,0,0
"328",328,1,0,1,0,0,0,0,0,0,1,0,0
"329",329,2,0,0,0,0,0,1,0,0,0,1,0
"330",330,1,0,0,0,0,0,1,0,0,0,1,0
"331",331,1,0,0,0,0,0,1,0,0,0,1,0
"332",332,1,0,1,0,0,0,0,0,0,1,0,0
"333",333,3,0,1,0,0,0,0,0,0,1,0,0
"334",334,2,0,1,0,0,0,0,0,0,1,0,0
"335",335,2,0,1,0,0,0,0,0,1,0,0,0
"336",336,2,0,1,0,0,0,0,0,1,0,0,0
"337",337,3,0,1,0,0,0,0,0,1,0,0,0
"338",338,2,0,1,0,0,0,0,0,0,1,0,0
"339",339,2,0,1,0,0,0,0,0,0,1,0,0
"340",340,1,0,1,0,0,0,0,0,0,0,1,0
"341",341,2,0,1,0,0,0,0,0,1,0,0,0
"342",342,1,0,0,0,0,1,0,0,0,0,1,0
"343",343,2,0,0,0,0,0,1,0,0,0,1,0
"344",344,2,0,1,0,0,0,0,0,0,1,0,0
"345",345,1,0,1,0,0,0,0,0,0,0,1,0
"346",346,1,0,0,0,0,0,1,0,0,0,1,0
"347",347,1,0,1,0,0,0,0,0,0,1,0,0
"348",348,2,0,1,0,0,0,0,0,0,0,1,0
"349",349,2,0,0,0,1,0,0,0,0,1,0,0
"350",350,3,0,1,0,0,0,0,0,1,0,0,0
"351",351,2,0,1,0,0,0,0,0,0,1,0,0
"352",352,2,0,1,0,0,0,0,0,0,1,0,0
"353",353,1,0,0,0,0,0,1,0,0,0,1,0
"354",354,2,0,0,0,0,0,1,0,0,0,1,0
"355",355,1,0,1,0,0,0,0,0,0,0,1,0
"356",356,2,0,1,0,0,0,0,0,0,1,0,0
"357",357,2,0,1,0,0,0,0,0,0,1,0,0
"358",358,2,0,1,0,0,0,0,0,1,0,0,0
"359",359,1,0,0,0,1,0,0,0,0,0,1,0
"360",360,2,0,1,0,0,0,0,0,0,1,0,0
"361",361,2,0,1,0,0,0,0,0,0,1,0,0
"362",362,1,0,0,0,0,0,1,0,0,0,1,0
"363",363,2,0,0,0,1,0,0,0,0,1,0,0
"364",364,1,0,0,0,0,0,1,0,0,0,1,0
"365",365,2,0,1,0,0,0,0,0,1,0,0,0
"366",366,1,0,0,0,0,0,1,0,0,0,1,0
"367",367,2,0,1,0,0,0,0,0,0,1,0,0
"368",368,1,0,0,1,0,0,0,0,0,1,0,0
"369",369,1,0,1,0,0,0,0,0,1,0,0,0
"370",370,2,0,0,0,0,0,1,0,1,0,0,0
"371",371,2,0,1,0,0,0,0,0,0,1,0,0
"372",372,2,0,0,0,0,0,1,0,1,0,0,0
"373",373,1,0,1,0,0,0,0,0,0,0,1,0
"374",374,1,0,1,0,0,0,0,0,0,0,1,0
"375",375,2,0,0,0,1,0,0,0,1,0,0,0
"376",376,0,NA,NA,NA,NA,NA,NA,1,NA,NA,NA,1
"377",377,2,0,0,0,0,0,1,0,0,0,1,0
"378",378,2,0,1,0,0,0,0,0,0,1,0,0
"379",379,3,0,1,0,0,0,0,0,1,0,0,0
"380",380,2,0,1,0,0,0,0,0,1,0,0,0
"381",381,1,0,0,0,0,0,1,0,0,0,1,0
"382",382,2,0,1,0,0,0,0,0,0,1,0,0
"383",383,2,0,1,0,0,0,0,0,0,1,0,0
"384",384,2,0,0,0,0,0,1,0,0,0,1,0
"385",385,2,0,1,0,0,0,0,0,1,0,0,0
"386",386,2,0,1,0,0,0,0,0,1,0,0,0
"387",387,0,NA,NA,NA,NA,NA,NA,1,NA,NA,NA,1
"388",388,1,0,0,0,0,0,1,0,0,0,1,0
"389",389,2,0,1,0,0,0,0,0,0,1,0,0
"390",390,3,0,0,0,1,0,0,0,1,0,0,0
"391",391,1,0,0,0,0,0,1,0,0,0,1,0
"392",392,2,0,0,0,1,0,0,0,1,0,0,0
"393",393,1,0,1,0,0,0,0,0,0,1,0,0
"394",394,0,NA,NA,NA,NA,NA,NA,1,NA,NA,NA,1
"395",395,1,0,0,0,0,0,1,0,0,0,1,0
"396",396,1,0,1,0,0,0,0,0,0,0,1,0
"397",397,2,0,0,0,0,0,1,0,0,1,0,0
"398",398,1,0,1,0,0,0,0,0,0,1,0,0
"399",399,1,0,0,0,0,0,1,0,0,0,1,0
"400",400,2,0,1,0,0,0,0,0,1,0,0,0
"401",401,2,0,1,0,0,0,0,0,1,0,0,0
"402",402,2,0,1,0,0,0,0,0,1,0,0,0
"403",403,1,0,0,0,0,0,1,0,0,0,1,0
"404",404,2,0,0,0,1,0,0,0,1,0,0,0
"405",405,2,0,0,0,1,0,0,0,1,0,0,0
"406",406,2,0,1,0,0,0,0,0,0,0,1,0
"407",407,1,0,0,0,0,0,1,0,0,0,1,0
"408",408,1,0,1,0,0,0,0,0,0,0,1,0
"409",409,3,0,1,0,0,0,0,0,0,1,0,0
"410",410,3,0,1,0,0,0,0,0,1,0,0,0
"411",411,1,0,1,0,0,0,0,0,0,0,1,0
"412",412,2,0,1,0,0,0,0,0,1,0,0,0
"413",413,2,0,1,0,0,0,0,0,1,0,0,0
"414",414,2,0,0,0,0,0,1,0,0,0,1,0
"415",415,3,0,1,0,0,0,0,0,0,0,1,0
"416",416,2,0,1,0,0,0,0,0,1,0,0,0
"417",417,2,0,1,0,0,0,0,0,1,0,0,0
"418",418,3,0,0,0,0,0,1,0,0,0,1,0
"419",419,1,0,0,0,0,0,1,0,0,0,1,0
"420",420,1,0,1,0,0,0,0,0,0,0,1,0
"421",421,4,0,1,0,0,0,0,0,1,0,0,0
"422",422,2,0,1,0,0,0,0,0,1,0,0,0
"423",423,2,0,1,0,0,0,0,0,0,1,0,0
"424",424,3,0,1,0,0,0,0,0,1,0,0,0
"425",425,1,0,1,0,0,0,0,0,0,1,0,0
"426",426,1,0,0,0,0,0,1,0,0,0,1,0
"427",427,2,0,1,0,0,0,0,0,1,0,0,0
"428",428,1,0,0,0,0,0,1,0,0,0,1,0
"429",429,2,0,1,0,0,0,0,0,0,1,0,0
"430",430,2,0,1,0,0,0,0,0,0,0,1,0
"431",431,1,0,0,0,0,0,1,0,0,0,1,0
"432",432,0,NA,NA,NA,NA,NA,NA,1,NA,NA,NA,1
"433",433,2,0,0,0,0,0,1,0,0,0,1,0
"434",434,2,0,1,0,0,0,0,0,1,0,0,0
"435",435,0,NA,NA,NA,NA,NA,NA,1,NA,NA,NA,1
"436",436,2,0,1,0,0,0,0,0,0,1,0,0
"437",437,2,0,0,0,0,0,1,0,0,0,1,0
"438",438,1,0,0,0,0,0,1,0,0,0,1,0
"439",439,1,0,0,0,0,0,1,0,0,0,1,0
"440",440,2,0,0,0,0,0,1,0,0,0,1,0
"441",441,3,0,1,0,0,0,0,0,1,0,0,0
"442",442,0,NA,NA,NA,NA,NA,NA,1,NA,NA,NA,1
"443",443,2,0,0,0,0,0,1,0,0,0,1,0
"444",444,3,0,1,0,0,0,0,0,1,0,0,0
"445",445,2,0,1,0,0,0,0,0,0,0,1,0
"446",446,2,0,1,0,0,0,0,0,0,0,1,0
"447",447,2,0,1,0,0,0,0,0,1,0,0,0
"448",448,2,0,1,0,0,0,0,0,1,0,0,0
"449",449,1,0,0,0,0,0,1,0,0,0,1,0
"450",450,1,0,0,0,0,0,1,0,0,0,1,0
"451",451,1,0,0,0,0,0,1,0,0,0,1,0
"452",452,2,0,1,0,0,0,0,0,0,0,1,0
"453",453,2,0,1,0,0,0,0,0,1,0,0,0
"454",454,2,0,1,0,0,0,0,0,0,1,0,0
"455",455,2,0,0,0,0,0,1,0,0,0,1,0
"456",456,2,0,1,0,0,0,0,0,0,0,1,0
"457",457,3,0,0,0,0,0,1,0,0,0,1,0
"458",458,2,0,1,0,0,0,0,0,1,0,0,0
"459",459,1,0,0,0,0,0,1,0,0,0,1,0
"460",460,1,0,0,0,0,0,1,0,0,0,1,0
"461",461,2,0,0,0,1,0,0,0,1,0,0,0
"462",462,2,0,0,0,0,0,1,0,0,1,0,0
"463",463,1,0,0,0,0,0,1,0,0,0,1,0
"464",464,1,0,0,0,0,0,1,0,0,0,1,0
"465",465,0,NA,NA,NA,NA,NA,NA,1,NA,NA,NA,1
"466",466,2,0,1,0,0,0,0,0,1,0,0,0
"467",467,2,0,1,0,0,0,0,0,0,0,1,0
"468",468,1,0,1,0,0,0,0,0,0,0,1,0
"469",469,3,0,1,0,0,0,0,0,0,1,0,0
"470",470,2,0,1,0,0,0,0,0,0,1,0,0
"471",471,2,0,1,0,0,0,0,0,0,1,0,0
"472",472,2,0,1,0,0,0,0,0,0,1,0,0
"473",473,2,0,0,1,0,0,0,0,0,1,0,0
"474",474,3,0,1,0,0,0,0,0,0,1,0,0
"475",475,2,0,1,0,0,0,0,0,0,1,0,0
"476",476,2,0,0,0,0,0,1,0,0,0,1,0
"477",477,2,0,1,0,0,0,0,0,1,0,0,0
"478",478,3,0,0,0,1,0,0,0,1,0,0,0
"479",479,3,0,1,0,0,0,0,0,0,1,0,0
"480",480,2,0,0,0,0,0,1,0,0,0,1,0
"481",481,3,0,1,0,0,0,0,0,1,0,0,0
"482",482,3,0,1,0,0,0,0,0,1,0,0,0
"483",483,1,0,1,0,0,0,0,0,0,0,1,0
"484",484,2,0,1,0,0,0,0,0,0,0,1,0
"485",485,1,0,0,0,0,0,1,0,0,0,1,0
"486",486,1,0,1,0,0,0,0,0,0,0,1,0
"487",487,2,0,1,0,0,0,0,0,0,1,0,0
"488",488,2,0,1,0,0,0,0,0,0,0,1,0
"489",489,2,0,1,0,0,0,0,0,0,0,1,0
"490",490,1,0,1,0,0,0,0,0,0,0,1,0
"491",491,1,0,0,0,1,0,0,0,1,0,0,0
"492",492,1,0,1,0,0,0,0,0,0,0,1,0
"493",493,2,0,1,0,0,0,0,0,0,1,0,0
"494",494,1,0,0,0,0,0,1,0,0,0,1,0
"495",495,1,0,1,0,0,0,0,0,0,0,1,0
"496",496,0,NA,NA,NA,NA,NA,NA,1,NA,NA,NA,1
"497",497,2,0,1,0,0,0,0,0,0,1,0,0
"498",498,1,0,0,0,0,0,1,0,0,0,1,0
"499",499,1,0,1,0,0,0,0,0,1,0,0,0
"500",500,1,0,1,0,0,0,0,0,1,0,0,0
"501",501,1,0,0,0,0,0,1,0,0,0,1,0
"502",502,2,0,1,0,0,0,0,0,0,1,0,0
"503",503,2,0,0,0,0,0,1,0,0,0,1,0
"504",504,2,0,1,0,0,0,0,0,1,0,0,0
"505",505,2,0,1,0,0,0,0,0,0,0,1,0
"506",506,2,0,0,0,0,0,1,0,0,0,1,0
"507",507,2,0,1,0,0,0,0,0,0,1,0,0
"508",508,2,0,1,0,0,0,0,0,1,0,0,0
"509",509,2,0,0,0,0,0,1,0,0,0,1,0
"510",510,1,0,1,0,0,0,0,0,0,1,0,0
"511",511,1,0,0,0,0,1,0,0,0,0,1,0
"512",512,2,0,1,0,0,0,0,0,0,1,0,0
"513",513,2,0,0,0,0,0,1,0,0,0,1,0
"514",514,2,0,1,0,0,0,0,0,0,0,1,0
"515",515,1,0,0,0,0,0,1,0,0,0,1,0
"516",516,3,0,1,0,0,0,0,0,1,0,0,0
"517",517,2,0,1,0,0,0,0,0,0,1,0,0
"518",518,3,0,1,0,0,0,0,0,0,1,0,0
"519",519,2,0,1,0,0,0,0,0,0,1,0,0
"520",520,1,0,0,0,0,0,1,0,0,0,1,0
"521",521,0,NA,NA,NA,NA,NA,NA,1,NA,NA,NA,1
"522",522,1,0,1,0,0,0,0,0,0,0,1,0
"523",523,2,0,0,0,0,0,1,0,0,0,1,0
"524",524,3,0,0,0,1,0,0,0,1,0,0,0
"525",525,3,0,1,0,0,0,0,0,1,0,0,0
"526",526,2,0,1,0,0,0,0,0,0,0,1,0
"527",527,1,0,1,0,0,0,0,0,0,0,1,0
"528",528,3,0,1,0,0,0,0,0,1,0,0,0
"529",529,0,NA,NA,NA,NA,NA,NA,1,NA,NA,NA,1
"530",530,2,0,1,0,0,0,0,0,0,1,0,0
"531",531,2,0,1,0,0,0,0,0,0,1,0,0
"532",532,2,0,0,0,0,0,1,0,1,0,0,0
"533",533,1,0,0,0,0,0,1,0,0,0,1,0
"534",534,0,NA,NA,NA,NA,NA,NA,1,NA,NA,NA,1
"535",535,2,0,1,0,0,0,0,0,1,0,0,0
"536",536,0,NA,NA,NA,NA,NA,NA,1,NA,NA,NA,1
"537",537,2,0,1,0,0,0,0,0,1,0,0,0
"538",538,2,0,0,0,0,0,1,0,0,0,1,0
"539",539,1,0,1,0,0,0,0,0,0,0,1,0
"540",540,2,0,1,0,0,0,0,0,0,1,0,0
"541",541,3,0,1,0,0,0,0,0,1,0,0,0
"542",542,3,0,0,0,1,0,0,0,1,0,0,0
"543",543,2,0,1,0,0,0,0,0,1,0,0,0
"544",544,1,0,1,0,0,0,0,0,1,0,0,0
"545",545,2,0,1,0,0,0,0,0,0,1,0,0
"546",546,3,0,1,0,0,0,0,0,0,0,1,0
"547",547,2,0,0,0,0,0,1,0,0,0,1,0
"548",548,2,0,0,0,0,0,1,0,0,0,1,0
"549",549,2,0,0,0,0,0,1,0,0,1,0,0
"550",550,2,0,0,0,1,0,0,0,1,0,0,0
"551",551,2,0,1,0,0,0,0,0,0,1,0,0
"552",552,1,0,1,0,0,0,0,0,1,0,0,0
"553",553,3,0,1,0,0,0,0,0,0,1,0,0
"554",554,2,0,0,0,0,0,1,0,1,0,0,0
"555",555,3,0,0,0,1,0,0,0,0,1,0,0
"556",556,1,0,0,0,0,0,1,0,0,0,1,0
"557",557,1,0,1,0,0,0,0,0,1,0,0,0
"558",558,1,0,0,0,0,1,0,0,0,0,1,0
"559",559,2,0,1,0,0,0,0,0,0,0,1,0
"560",560,2,0,1,0,0,0,0,0,1,0,0,0
"561",561,2,0,0,0,0,0,1,0,0,0,1,0
"562",562,2,0,1,0,0,0,0,0,0,1,0,0
"563",563,0,NA,NA,NA,NA,NA,NA,1,NA,NA,NA,1
"564",564,2,0,0,0,0,0,1,0,1,0,0,0
"565",565,2,0,1,0,0,0,0,0,0,1,0,0
"566",566,1,0,0,0,0,0,1,0,0,0,1,0
"567",567,3,0,0,0,1,0,0,0,1,0,0,0
"568",568,2,0,1,0,0,0,0,0,0,1,0,0
"569",569,2,0,0,0,1,0,0,0,1,0,0,0
"570",570,2,0,0,0,0,0,1,0,0,0,1,0
"571",571,2,0,0,0,0,0,1,0,0,0,1,0
"572",572,1,0,1,0,0,0,0,0,0,0,1,0
"573",573,2,0,1,0,0,0,0,0,0,1,0,0
"574",574,2,0,0,0,1,0,0,0,0,1,0,0
"575",575,1,0,0,0,1,0,0,0,0,0,1,0
"576",576,1,0,0,0,0,0,1,0,0,0,1,0
"577",577,1,0,0,0,0,0,1,0,0,0,1,0
"578",578,2,0,1,0,0,0,0,0,0,1,0,0
"579",579,2,0,0,0,0,0,1,0,0,0,1,0
"580",580,1,0,1,0,0,0,0,0,0,0,1,0
"581",581,2,0,1,0,0,0,0,0,0,0,1,0
"582",582,3,0,1,0,0,0,0,0,0,1,0,0
"583",583,0,NA,NA,NA,NA,NA,NA,1,NA,NA,NA,1
"584",584,2,0,0,0,0,0,1,0,0,0,1,0
"585",585,1,0,0,0,0,0,1,0,0,0,1,0
"586",586,3,0,1,0,0,0,0,0,0,1,0,0
"587",587,1,0,0,0,0,0,1,0,1,0,0,0
"588",588,2,0,0,0,0,0,1,0,0,0,1,0
"589",589,1,0,1,0,0,0,0,0,0,0,1,0
"590",590,1,0,0,0,0,0,1,0,0,0,1,0
"591",591,2,0,1,0,0,0,0,0,0,1,0,0
"592",592,3,0,0,0,1,0,0,0,0,1,0,0
"593",593,2,0,0,0,0,0,1,0,1,0,0,0
"594",594,2,0,1,0,0,0,0,0,1,0,0,0
"595",595,1,0,0,0,0,0,1,0,0,0,1,0
"596",596,3,0,1,0,0,0,0,0,1,0,0,0
"597",597,1,0,0,0,0,0,1,0,0,0,1,0
"598",598,3,0,1,0,0,0,0,0,1,0,0,0
"599",599,2,0,1,0,0,0,0,0,1,0,0,0
"600",600,2,0,1,0,0,0,0,0,1,0,0,0
"601",601,2,0,0,0,1,0,0,0,1,0,0,0
"602",602,1,0,0,0,0,0,1,0,0,0,1,0
"603",603,2,0,1,0,0,0,0,0,1,0,0,0
"604",604,2,0,0,0,0,0,1,0,0,1,0,0
"605",605,2,0,1,0,0,0,0,0,0,1,0,0
"606",606,2,0,1,0,0,0,0,0,0,0,1,0
"607",607,2,0,0,0,0,0,1,0,0,0,1,0
"608",608,1,0,1,0,0,0,0,0,0,0,1,0
"609",609,2,0,0,1,0,0,0,0,0,0,1,0
"610",610,1,0,1,0,0,0,0,0,0,0,1,0
"611",611,3,0,1,0,0,0,0,0,1,0,0,0
"612",612,2,0,1,0,0,0,0,0,0,0,1,0
"613",613,2,0,0,0,1,0,0,0,0,1,0,0
"614",614,0,NA,NA,NA,NA,NA,NA,1,NA,NA,NA,1
"615",615,0,NA,NA,NA,NA,NA,NA,1,NA,NA,NA,1
"616",616,2,0,1,0,0,0,0,0,0,1,0,0
"617",617,2,0,1,0,0,0,0,0,1,0,0,0
"618",618,2,0,0,0,0,0,1,0,0,0,1,0
"619",619,3,0,1,0,0,0,0,0,0,0,1,0
"620",620,3,0,1,0,0,0,0,0,1,0,0,0
"621",621,0,NA,NA,NA,NA,NA,NA,1,NA,NA,NA,1
"622",622,2,0,1,0,0,0,0,0,0,1,0,0
"623",623,2,0,0,0,0,0,1,0,0,0,1,0
"624",624,2,0,0,0,0,0,1,0,0,0,1,0
"625",625,2,0,1,0,0,0,0,0,0,1,0,0
"626",626,2,0,1,0,0,0,0,0,0,0,1,0
"627",627,1,0,1,0,0,0,0,0,0,1,0,0
"628",628,1,0,0,1,0,0,0,0,0,1,0,0
"629",629,2,0,1,0,0,0,0,0,0,0,1,0
"630",630,2,0,1,0,0,0,0,0,0,1,0,0
"631",631,1,0,0,0,0,0,1,0,0,0,1,0
"632",632,2,0,1,0,0,0,0,0,0,1,0,0
"633",633,2,0,1,0,0,0,0,0,1,0,0,0
"634",634,1,0,1,0,0,0,0,0,0,0,1,0
"635",635,2,0,0,0,0,0,1,0,0,0,1,0
"636",636,0,NA,NA,NA,NA,NA,NA,1,NA,NA,NA,1
"637",637,0,NA,NA,NA,NA,NA,NA,1,NA,NA,NA,1
"638",638,1,0,0,0,1,0,0,0,0,0,1,0
"639",639,0,NA,NA,NA,NA,NA,NA,1,NA,NA,NA,1
"640",640,3,0,1,0,0,0,0,0,1,0,0,0
"641",641,2,0,1,0,0,0,0,0,0,1,0,0
"642",642,2,0,1,0,0,0,0,0,1,0,0,0
"643",643,2,0,1,0,0,0,0,0,1,0,0,0
"644",644,2,0,1,0,0,0,0,0,1,0,0,0
"645",645,3,0,1,0,0,0,0,0,1,0,0,0
"646",646,2,0,0,0,0,0,1,0,0,0,1,0
"647",647,2,0,0,0,0,0,1,0,0,0,1,0
"648",648,2,0,1,0,0,0,0,0,0,1,0,0
"649",649,2,0,1,0,0,0,0,0,0,0,1,0
"650",650,0,NA,NA,NA,NA,NA,NA,1,NA,NA,NA,1
"651",651,2,0,1,0,0,0,0,0,0,1,0,0
"652",652,1,0,0,0,0,0,1,0,0,0,1,0
"653",653,2,0,1,0,0,0,0,0,0,1,0,0
"654",654,1,0,0,0,0,0,1,0,0,0,1,0
"655",655,3,0,1,0,0,0,0,0,1,0,0,0
"656",656,1,0,0,0,0,0,1,0,0,0,1,0
"657",657,1,0,1,0,0,0,0,0,0,1,0,0
"658",658,1,0,1,0,0,0,0,0,0,1,0,0
"659",659,1,0,1,0,0,0,0,0,0,0,1,0
"660",660,2,0,0,0,0,0,1,0,1,0,0,0
"661",661,2,0,1,0,0,0,0,0,0,1,0,0
"662",662,3,0,1,0,0,0,0,0,0,1,0,0
"663",663,2,0,1,0,0,0,0,0,0,1,0,0
"664",664,2,0,0,0,0,0,1,0,0,1,0,0
"665",665,3,0,1,0,0,0,0,0,1,0,0,0
"666",666,2,0,1,0,0,0,0,0,0,1,0,0
"667",667,2,0,0,0,0,1,0,0,0,0,1,0
"668",668,2,0,1,0,0,0,0,0,0,1,0,0
"669",669,2,0,0,0,0,0,1,0,0,0,1,0
"670",670,1,0,0,0,0,0,1,0,0,0,1,0
"671",671,2,0,1,0,0,0,0,0,1,0,0,0
"672",672,1,0,0,0,0,0,1,0,0,0,1,0
"673",673,2,0,1,0,0,0,0,0,0,1,0,0
"674",674,2,0,1,0,0,0,0,0,1,0,0,0
"675",675,1,0,1,0,0,0,0,0,0,1,0,0
"676",676,2,0,1,0,0,0,0,0,0,0,1,0
"677",677,3,1,0,0,0,0,0,0,0,0,1,0
"678",678,1,0,0,0,0,0,1,0,0,0,1,0
"679",679,3,0,1,0,0,0,0,0,1,0,0,0
"680",680,2,0,0,0,0,0,1,0,0,0,1,0
"681",681,1,0,1,0,0,0,0,0,0,1,0,0
"682",682,1,0,0,0,0,0,1,0,0,0,1,0
"683",683,2,0,1,0,0,0,0,0,0,0,1,0
"684",684,3,0,1,0,0,0,0,0,1,0,0,0
"685",685,2,0,1,0,0,0,0,0,1,0,0,0
"686",686,2,0,1,0,0,0,0,0,1,0,0,0
"687",687,2,0,1,0,0,0,0,0,1,0,0,0
"688",688,2,0,0,0,0,0,1,0,0,0,1,0
"689",689,2,0,1,0,0,0,0,0,0,1,0,0
"690",690,2,0,1,0,0,0,0,0,0,1,0,0
"691",691,2,0,1,0,0,0,0,0,0,1,0,0
"692",692,3,0,1,0,0,0,0,0,1,0,0,0
"693",693,2,0,1,0,0,0,0,0,0,1,0,0
"694",694,1,0,0,0,0,0,1,0,0,0,1,0
"695",695,2,0,0,0,0,0,1,0,0,0,1,0
"696",696,2,0,1,0,0,0,0,0,0,0,1,0
"697",697,1,0,0,0,0,0,1,0,0,0,1,0
"698",698,1,0,0,0,0,0,1,0,0,0,1,0
"699",699,1,0,0,0,0,0,1,0,0,0,1,0
"700",700,2,0,1,0,0,0,0,0,0,1,0,0
"701",701,3,0,1,0,0,0,0,0,1,0,0,0
"702",702,2,0,1,0,0,0,0,0,0,0,1,0
"703",703,3,0,0,0,1,0,0,0,1,0,0,0
"704",704,2,0,0,0,0,0,1,0,0,0,1,0
"705",705,2,0,1,0,0,0,0,0,0,1,0,0
"706",706,0,NA,NA,NA,NA,NA,NA,1,NA,NA,NA,1
"707",707,2,0,1,0,0,0,0,0,0,0,1,0
"708",708,2,0,1,0,0,0,0,0,1,0,0,0
"709",709,2,0,1,0,0,0,0,0,1,0,0,0
"710",710,1,0,1,0,0,0,0,0,0,0,1,0
"711",711,0,NA,NA,NA,NA,NA,NA,1,NA,NA,NA,1
"712",712,1,0,0,0,0,0,1,0,0,1,0,0
"713",713,2,0,1,0,0,0,0,0,1,0,0,0
"714",714,2,0,0,0,0,0,1,0,0,0,1,0
"715",715,2,0,1,0,0,0,0,0,0,1,0,0
"716",716,2,0,1,0,0,0,0,0,0,1,0,0
"717",717,2,0,0,0,0,0,1,0,0,0,1,0
"718",718,2,0,1,0,0,0,0,0,0,0,1,0
"719",719,3,0,1,0,0,0,0,0,0,1,0,0
"720",720,1,0,1,0,0,0,0,0,0,0,1,0
"721",721,2,0,1,0,0,0,0,0,0,1,0,0
"722",722,2,0,1,0,0,0,0,0,0,1,0,0
"723",723,2,0,0,0,0,0,1,0,0,0,1,0
"724",724,1,0,0,0,0,0,1,0,0,0,1,0
"725",725,3,0,1,0,0,0,0,0,1,0,0,0
"726",726,2,0,0,0,0,0,1,0,0,0,1,0
"727",727,2,0,1,0,0,0,0,0,1,0,0,0
"728",728,2,0,1,0,0,0,0,0,0,1,0,0
"729",729,3,0,0,0,0,0,1,0,0,0,1,0
"730",730,2,0,0,0,0,0,1,0,0,0,1,0
"731",731,2,0,1,0,0,0,0,0,0,1,0,0
"732",732,2,0,1,0,0,0,0,0,1,0,0,0
"733",733,2,0,1,0,0,0,0,0,1,0,0,0
"734",734,1,0,1,0,0,0,0,0,0,1,0,0
"735",735,1,0,1,0,0,0,0,0,0,0,1,0
"736",736,2,0,0,0,0,0,1,0,0,0,1,0
"737",737,2,0,0,0,0,0,1,0,0,0,1,0
"738",738,3,0,1,0,0,0,0,0,1,0,0,0
"739",739,0,NA,NA,NA,NA,NA,NA,1,NA,NA,NA,1
"740",740,2,0,1,0,0,0,0,0,0,1,0,0
"741",741,2,0,0,0,0,0,1,0,0,0,1,0
"742",742,1,0,0,0,0,0,1,0,0,0,1,0
"743",743,2,0,1,0,0,0,0,0,0,0,1,0
"744",744,2,0,1,0,0,0,0,0,0,1,0,0
"745",745,2,0,1,0,0,0,0,0,0,1,0,0
"746",746,2,0,0,0,1,0,0,0,1,0,0,0
"747",747,2,0,0,0,1,0,0,0,1,0,0,0
"748",748,4,0,0,0,0,0,1,0,0,0,1,0
"749",749,2,0,1,0,0,0,0,0,1,0,0,0
"750",750,1,0,0,0,0,0,1,0,0,0,1,0
"751",751,0,NA,NA,NA,NA,NA,NA,1,NA,NA,NA,1
"752",752,2,0,1,0,0,0,0,0,1,0,0,0
"753",753,2,0,1,0,0,0,0,0,0,1,0,0
"754",754,3,0,1,0,0,0,0,0,0,1,0,0
"755",755,2,0,0,0,0,0,1,0,0,1,0,0
"756",756,2,0,0,0,0,0,1,0,0,0,1,0
"757",757,2,0,1,0,0,0,0,0,0,1,0,0
"758",758,2,0,1,0,0,0,0,0,1,0,0,0
"759",759,2,0,0,0,0,0,1,0,0,0,1,0
"760",760,3,0,1,0,0,0,0,0,0,1,0,0
"761",761,1,0,0,0,0,0,1,0,0,0,1,0
"762",762,2,0,0,0,0,0,1,0,0,0,1,0
"763",763,2,0,1,0,0,0,0,0,0,0,1,0
"764",764,3,0,1,0,0,0,0,0,0,1,0,0
"765",765,2,0,1,0,0,0,0,0,1,0,0,0
"766",766,2,0,1,0,0,0,0,0,1,0,0,0
"767",767,2,0,1,0,0,0,0,0,0,0,1,0
"768",768,1,0,1,0,0,0,0,0,0,0,1,0
"769",769,2,0,1,0,0,0,0,0,1,0,0,0
"770",770,3,0,0,0,1,0,0,0,1,0,0,0
"771",771,2,0,0,0,0,0,1,0,0,0,1,0
"772",772,2,0,0,0,0,0,1,0,0,0,1,0
"773",773,2,0,0,0,0,0,1,0,0,0,1,0
"774",774,1,0,1,0,0,0,0,0,0,1,0,0
"775",775,3,0,1,0,0,0,0,0,1,0,0,0
"776",776,2,0,1,0,0,0,0,0,1,0,0,0
"777",777,3,0,1,0,0,0,0,0,0,1,0,0
"778",778,2,0,1,0,0,0,0,0,0,0,1,0
"779",779,2,0,0,0,0,0,1,0,0,0,1,0
"780",780,2,0,1,0,0,0,0,0,0,0,1,0
"781",781,2,0,1,0,0,0,0,0,1,0,0,0
"782",782,2,0,1,0,0,0,0,0,0,1,0,0
"783",783,2,0,1,0,0,0,0,0,0,1,0,0
"784",784,2,0,1,0,0,0,0,0,1,0,0,0
"785",785,0,NA,NA,NA,NA,NA,NA,1,NA,NA,NA,1
"786",786,2,0,1,0,0,0,0,0,0,0,1,0
"787",787,1,0,0,0,0,0,1,0,0,0,1,0
"788",788,2,0,0,0,1,0,0,0,0,1,0,0
"789",789,1,0,0,0,0,0,1,0,0,0,1,0
"790",790,2,0,1,0,0,0,0,0,1,0,0,0
"791",791,2,0,1,0,0,0,0,0,1,0,0,0
"792",792,2,0,1,0,0,0,0,0,0,1,0,0
"793",793,2,0,1,0,0,0,0,0,0,0,1,0
"794",794,2,0,1,0,0,0,0,0,1,0,0,0
"795",795,2,0,1,0,0,0,0,0,1,0,0,0
"796",796,2,0,1,0,0,0,0,0,0,0,1,0
"797",797,2,0,1,0,0,0,0,0,0,1,0,0
"798",798,1,0,1,0,0,0,0,0,0,0,1,0
"799",799,3,0,0,0,1,0,0,0,1,0,0,0
"800",800,1,0,0,0,0,0,1,0,0,0,1,0
"801",801,2,0,1,0,0,0,0,0,0,1,0,0
"802",802,2,0,0,0,0,0,1,0,0,0,1,0
"803",803,2,0,1,0,0,0,0,0,1,0,0,0
"804",804,3,0,0,0,1,0,0,0,0,1,0,0
"805",805,1,0,1,0,0,0,0,0,0,0,1,0
"806",806,2,0,1,0,0,0,0,0,0,1,0,0
"807",807,1,0,1,0,0,0,0,0,1,0,0,0
"808",808,2,0,1,0,0,0,0,0,0,1,0,0
"809",809,2,0,1,0,0,0,0,0,0,1,0,0
"810",810,2,0,0,0,0,0,1,0,0,0,1,0
"811",811,2,0,1,0,0,0,0,0,0,1,0,0
"812",812,2,0,1,0,0,0,0,0,1,0,0,0
"813",813,2,0,0,1,0,0,0,0,0,0,1,0
"814",814,1,0,1,0,0,0,0,0,0,1,0,0
"815",815,1,0,0,0,0,0,1,0,0,0,1,0
"816",816,2,0,1,0,0,0,0,0,0,1,0,0
"817",817,1,0,1,0,0,0,0,0,0,1,0,0
"818",818,3,0,1,0,0,0,0,0,0,1,0,0
"819",819,2,0,1,0,0,0,0,0,0,0,1,0
"820",820,2,0,1,0,0,0,0,0,0,1,0,0
"821",821,2,0,1,0,0,0,0,0,0,1,0,0
"822",822,2,0,0,0,0,0,1,0,0,0,1,0
"823",823,2,0,0,0,1,0,0,0,1,0,0,0
"824",824,1,0,0,0,0,0,1,0,0,0,1,0
"825",825,2,0,1,0,0,0,0,0,0,1,0,0
"826",826,3,0,1,0,0,0,0,0,1,0,0,0
"827",827,0,NA,NA,NA,NA,NA,NA,1,NA,NA,NA,1
"828",828,2,0,1,0,0,0,0,0,0,1,0,0
"829",829,2,0,1,0,0,0,0,0,1,0,0,0
"830",830,2,0,0,0,0,0,1,0,0,1,0,0
"831",831,2,0,1,0,0,0,0,0,0,1,0,0
"832",832,2,0,0,0,0,0,1,0,0,1,0,0
"833",833,2,0,1,0,0,0,0,0,0,1,0,0
"834",834,2,0,1,0,0,0,0,0,0,1,0,0
"835",835,2,0,1,0,0,0,0,0,0,0,1,0
"836",836,2,0,1,0,0,0,0,0,0,0,1,0
"837",837,2,0,0,0,0,0,1,0,0,0,1,0
"838",838,1,0,0,0,0,0,1,0,0,0,1,0
"839",839,1,0,1,0,0,0,0,0,0,0,1,0
"840",840,1,0,0,0,0,0,1,0,0,0,1,0
"841",841,1,0,0,0,0,0,1,0,0,0,1,0
"842",842,2,0,0,0,0,0,1,0,0,0,1,0
"843",843,2,0,1,0,0,0,0,0,0,1,0,0
"844",844,0,NA,NA,NA,NA,NA,NA,1,NA,NA,NA,1
"845",845,3,0,0,0,0,0,1,0,0,0,1,0
"846",846,2,0,0,1,0,0,0,0,1,0,0,0
"847",847,2,0,1,0,0,0,0,0,0,0,1,0
"848",848,1,0,1,0,0,0,0,0,0,0,1,0
"849",849,2,0,0,0,0,0,1,0,0,0,1,0
"850",850,2,0,1,0,0,0,0,0,0,1,0,0
"851",851,2,0,1,0,0,0,0,0,1,0,0,0
"852",852,2,0,1,0,0,0,0,0,1,0,0,0
"853",853,1,0,0,0,0,0,1,0,0,0,1,0
"854",854,2,0,1,0,0,0,0,0,0,1,0,0
"855",855,2,0,1,0,0,0,0,0,0,0,1,0
"856",856,1,0,0,0,0,0,1,0,0,0,1,0
"857",857,2,0,0,0,0,0,1,0,0,0,1,0
"858",858,2,0,1,0,0,0,0,0,1,0,0,0
"859",859,2,0,1,0,0,0,0,0,0,1,0,0
"860",860,2,0,1,0,0,0,0,0,0,0,1,0
"861",861,1,0,0,0,0,0,1,0,0,0,1,0
"862",862,2,0,1,0,0,0,0,0,0,0,1,0
"863",863,2,0,1,0,0,0,0,0,0,0,1,0
"864",864,1,0,1,0,0,0,0,0,0,0,1,0
"865",865,2,0,1,0,0,0,0,0,1,0,0,0
"866",866,2,0,0,0,0,0,1,0,0,0,1,0
"867",867,3,0,1,0,0,0,0,0,0,1,0,0
"868",868,2,0,1,0,0,0,0,0,0,1,0,0
"869",869,2,0,1,0,0,0,0,0,0,0,1,0
"870",870,2,0,1,0,0,0,0,0,1,0,0,0
"871",871,1,0,0,0,0,0,1,0,0,0,1,0
"872",872,2,0,1,0,0,0,0,0,0,1,0,0
"873",873,2,0,1,0,0,0,0,0,0,0,1,0
"874",874,1,0,1,0,0,0,0,0,0,0,1,0
"875",875,1,0,0,0,0,0,1,0,0,0,1,0
"876",876,2,0,0,0,1,0,0,0,1,0,0,0
"877",877,2,0,1,0,0,0,0,0,0,0,1,0
"878",878,3,0,1,0,0,0,0,0,1,0,0,0
"879",879,2,0,0,0,0,0,1,0,0,0,1,0
"880",880,1,0,1,0,0,0,0,0,0,0,1,0
"881",881,2,0,1,0,0,0,0,0,1,0,0,0
"882",882,2,0,1,0,0,0,0,0,0,1,0,0
"883",883,2,0,0,0,1,0,0,0,0,1,0,0
"884",884,1,0,0,0,0,0,1,0,0,0,1,0
"885",885,1,0,1,0,0,0,0,0,0,1,0,0
"886",886,2,0,1,0,0,0,0,0,1,0,0,0
"887",887,2,0,1,0,0,0,0,0,1,0,0,0
"888",888,1,0,1,0,0,0,0,0,0,0,1,0
"889",889,2,0,1,0,0,0,0,0,0,0,1,0
"890",890,2,0,1,0,0,0,0,0,0,1,0,0
"891",891,2,0,0,0,0,0,1,0,0,0,1,0
"892",892,2,0,1,0,0,0,0,0,0,1,0,0
"893",893,1,0,1,0,0,0,0,0,0,1,0,0
"894",894,1,0,1,0,0,0,0,0,0,0,1,0
"895",895,2,0,1,0,0,0,0,0,0,0,1,0
"896",896,2,0,1,0,0,0,0,0,0,1,0,0
"897",897,1,0,0,0,0,0,1,0,0,0,1,0
"898",898,2,0,0,0,0,0,1,0,0,0,1,0
"899",899,3,0,1,0,0,0,0,0,1,0,0,0
"900",900,1,0,1,0,0,0,0,0,0,0,1,0
"901",901,1,0,0,0,0,0,1,0,0,0,1,0
"902",902,1,0,0,0,0,0,1,0,0,0,1,0
"903",903,2,0,1,0,0,0,0,0,1,0,0,0
"904",904,3,0,1,0,0,0,0,0,0,1,0,0
"905",905,1,0,1,0,0,0,0,0,0,0,1,0
"906",906,1,0,1,0,0,0,0,0,0,1,0,0
"907",907,3,0,1,0,0,0,0,0,0,1,0,0
"908",908,1,0,1,0,0,0,0,0,1,0,0,0
"909",909,2,0,1,0,0,0,0,0,0,0,1,0
"910",910,2,0,1,0,0,0,0,0,1,0,0,0
"911",911,2,0,0,0,0,0,1,0,0,0,1,0
"912",912,1,0,0,0,0,0,1,0,0,0,1,0
"913",913,1,0,0,0,0,0,1,0,0,0,1,0
"914",914,3,1,0,0,0,0,0,0,0,0,1,0
"915",915,2,0,0,0,0,0,1,0,0,1,0,0
"916",916,1,0,1,0,0,0,0,0,0,0,1,0
"917",917,1,0,0,0,0,0,1,0,0,0,1,0
"918",918,1,0,1,0,0,0,0,0,0,1,0,0
"919",919,3,0,1,0,0,0,0,0,0,1,0,0
"920",920,2,0,1,0,0,0,0,0,0,0,1,0
"921",921,2,0,1,0,0,0,0,0,0,1,0,0
"922",922,0,NA,NA,NA,NA,NA,NA,1,NA,NA,NA,1
"923",923,2,0,1,0,0,0,0,0,1,0,0,0
"924",924,2,0,1,0,0,0,0,0,0,1,0,0
"925",925,2,0,1,0,0,0,0,0,0,0,1,0
"926",926,2,0,1,0,0,0,0,0,0,1,0,0
"927",927,3,0,0,0,1,0,0,0,1,0,0,0
"928",928,2,0,1,0,0,0,0,0,0,1,0,0
"929",929,2,0,1,0,0,0,0,0,0,1,0,0
"930",930,2,0,0,0,1,0,0,0,1,0,0,0
"931",931,3,0,1,0,0,0,0,0,1,0,0,0
"932",932,1,0,0,0,0,0,1,0,0,0,1,0
"933",933,3,0,1,0,0,0,0,0,1,0,0,0
"934",934,2,0,1,0,0,0,0,0,0,1,0,0
"935",935,2,0,1,0,0,0,0,0,0,1,0,0
"936",936,2,0,0,0,0,0,1,0,0,0,1,0
"937",937,2,0,1,0,0,0,0,0,0,1,0,0
"938",938,2,0,1,0,0,0,0,0,0,1,0,0
"939",939,3,0,1,0,0,0,0,0,0,1,0,0
"940",940,1,0,1,0,0,0,0,0,0,0,1,0
"941",941,2,0,1,0,0,0,0,0,0,0,1,0
"942",942,2,0,0,0,1,0,0,0,0,1,0,0
"943",943,0,NA,NA,NA,NA,NA,NA,1,NA,NA,NA,1
"944",944,2,0,1,0,0,0,0,0,0,0,1,0
"945",945,2,0,0,1,0,0,0,0,0,1,0,0
"946",946,2,0,0,0,0,0,1,0,0,0,1,0
"947",947,1,0,1,0,0,0,0,0,0,1,0,0
"948",948,3,0,1,0,0,0,0,0,1,0,0,0
"949",949,2,0,1,0,0,0,0,0,0,1,0,0
"950",950,2,0,1,0,0,0,0,0,0,1,0,0
"951",951,2,0,0,0,0,0,1,0,0,1,0,0
"952",952,1,0,0,0,0,0,1,0,0,0,1,0
"953",953,1,0,0,0,0,0,1,0,1,0,0,0
"954",954,2,0,1,0,0,0,0,0,0,1,0,0
"955",955,0,NA,NA,NA,NA,NA,NA,1,NA,NA,NA,1
"956",956,2,0,1,0,0,0,0,0,0,0,1,0
"957",957,2,0,1,0,0,0,0,0,1,0,0,0
"958",958,2,0,0,0,0,0,1,0,1,0,0,0
"959",959,2,0,1,0,0,0,0,0,0,1,0,0
"960",960,2,0,0,0,0,0,1,0,0,0,1,0
"961",961,0,NA,NA,NA,NA,NA,NA,1,NA,NA,NA,1
"962",962,2,0,1,0,0,0,0,0,1,0,0,0
"963",963,2,0,0,0,0,0,1,0,0,0,1,0
"964",964,2,0,1,0,0,0,0,0,1,0,0,0
"965",965,2,0,0,0,1,0,0,0,1,0,0,0
"966",966,2,0,1,0,0,0,0,0,1,0,0,0
"967",967,1,0,0,0,0,0,1,0,0,0,1,0
"968",968,1,0,1,0,0,0,0,0,0,0,1,0
"969",969,0,NA,NA,NA,NA,NA,NA,1,NA,NA,NA,1
"970",970,1,0,1,0,0,0,0,0,0,1,0,0
"971",971,0,NA,NA,NA,NA,NA,NA,1,NA,NA,NA,1
"972",972,2,0,0,0,1,0,0,0,0,1,0,0
"973",973,1,0,1,0,0,0,0,0,0,0,1,0
"974",974,2,0,1,0,0,0,0,0,1,0,0,0
"975",975,2,0,0,0,0,0,1,0,0,0,1,0
"976",976,2,0,0,0,0,0,1,0,0,0,1,0
"977",977,0,NA,NA,NA,NA,NA,NA,1,NA,NA,NA,1
"978",978,2,0,1,0,0,0,0,0,1,0,0,0
"979",979,2,0,0,0,0,0,1,0,0,0,1,0
"980",980,2,0,0,0,0,0,1,0,0,0,1,0
"981",981,2,0,1,0,0,0,0,0,0,1,0,0
"982",982,3,0,1,0,0,0,0,0,1,0,0,0
"983",983,2,0,1,0,0,0,0,0,1,0,0,0
"984",984,2,0,1,0,0,0,0,0,0,0,1,0
"985",985,2,0,1,0,0,0,0,0,0,0,1,0
"986",986,1,0,0,0,0,0,1,0,0,0,1,0
"987",987,1,0,1,0,0,0,0,0,0,0,1,0
"988",988,3,0,1,0,0,0,0,0,1,0,0,0
"989",989,2,0,1,0,0,0,0,0,1,0,0,0
"990",990,2,0,1,0,0,0,0,0,0,1,0,0
"991",991,3,0,1,0,0,0,0,0,1,0,0,0
"992",992,2,0,1,0,0,0,0,0,0,0,1,0
"993",993,2,0,1,0,0,0,0,0,0,1,0,0
"994",994,2,0,1,0,0,0,0,0,0,1,0,0
"995",995,3,0,1,0,0,0,0,0,1,0,0,0
"996",996,1,0,0,0,0,0,1,0,0,0,1,0
"997",997,1,0,1,0,0,0,0,0,0,0,1,0
"998",998,2,0,1,0,0,0,0,0,0,1,0,0
"999",999,1,0,0,0,0,0,1,0,0,0,1,0
"1000",1000,2,0,1,0,0,0,0,0,0,1,0,0
"1001",1001,2,0,0,0,0,0,1,0,0,0,1,0
"1002",1002,1,0,0,0,0,0,1,0,0,0,1,0
"1003",1003,3,0,1,0,0,0,0,0,0,1,0,0
"1004",1004,2,0,0,0,0,0,1,0,0,0,1,0
"1005",1005,2,0,1,0,0,0,0,0,1,0,0,0
"1006",1006,1,0,1,0,0,0,0,0,0,0,1,0
"1007",1007,2,0,1,0,0,0,0,0,0,0,1,0
"1008",1008,1,0,1,0,0,0,0,0,0,1,0,0
"1009",1009,2,0,1,0,0,0,0,0,1,0,0,0
"1010",1010,0,NA,NA,NA,NA,NA,NA,1,NA,NA,NA,1
"1011",1011,1,0,1,0,0,0,0,0,0,0,1,0
"1012",1012,0,NA,NA,NA,NA,NA,NA,1,NA,NA,NA,1
"1013",1013,1,0,0,0,0,0,1,0,0,0,1,0
"1014",1014,1,0,0,0,0,0,1,0,0,0,1,0
"1015",1015,1,0,0,0,0,0,1,0,0,0,1,0
"1016",1016,2,0,1,0,0,0,0,0,1,0,0,0
"1017",1017,2,0,1,0,0,0,0,0,1,0,0,0
"1018",1018,2,0,1,0,0,0,0,0,0,1,0,0
"1019",1019,2,0,1,0,0,0,0,0,0,1,0,0
"1020",1020,2,0,1,0,0,0,0,0,1,0,0,0
"1021",1021,2,0,1,0,0,0,0,0,1,0,0,0
"1022",1022,2,0,1,0,0,0,0,0,0,1,0,0
"1023",1023,1,0,0,0,0,0,1,0,0,0,1,0
"1024",1024,2,0,1,0,0,0,0,0,1,0,0,0
"1025",1025,2,0,1,0,0,0,0,0,1,0,0,0
"1026",1026,2,0,0,0,0,0,1,0,0,0,1,0
"1027",1027,2,0,1,0,0,0,0,0,0,0,1,0
"1028",1028,3,0,1,0,0,0,0,0,0,1,0,0
"1029",1029,1,0,1,0,0,0,0,0,0,0,1,0
"1030",1030,1,0,0,0,0,0,1,0,0,0,1,0
"1031",1031,0,NA,NA,NA,NA,NA,NA,1,NA,NA,NA,1
"1032",1032,2,0,0,1,0,0,0,0,1,0,0,0
"1033",1033,3,0,1,0,0,0,0,0,0,1,0,0
"1034",1034,3,0,1,0,0,0,0,0,0,0,1,0
"1035",1035,1,0,0,1,0,0,0,0,0,0,1,0
"1036",1036,1,0,0,0,0,0,1,0,0,0,1,0
"1037",1037,3,0,1,0,0,0,0,0,1,0,0,0
"1038",1038,2,0,0,0,1,0,0,0,1,0,0,0
"1039",1039,0,NA,NA,NA,NA,NA,NA,1,NA,NA,NA,1
"1040",1040,1,0,1,0,0,0,0,0,0,0,1,0
"1041",1041,2,0,1,0,0,0,0,0,0,1,0,0
"1042",1042,2,0,1,0,0,0,0,0,0,0,1,0
"1043",1043,2,0,1,0,0,0,0,0,0,1,0,0
"1044",1044,2,0,1,0,0,0,0,0,0,0,1,0
"1045",1045,2,0,1,0,0,0,0,0,1,0,0,0
"1046",1046,2,0,1,0,0,0,0,0,0,0,1,0
"1047",1047,3,0,0,0,1,0,0,0,1,0,0,0
"1048",1048,2,0,0,0,0,0,1,0,0,0,1,0
"1049",1049,2,0,1,0,0,0,0,0,0,0,1,0
"1050",1050,1,0,0,0,0,0,1,0,0,0,1,0
"1051",1051,2,0,1,0,0,0,0,0,1,0,0,0
"1052",1052,2,0,1,0,0,0,0,0,1,0,0,0
"1053",1053,2,0,1,0,0,0,0,0,0,1,0,0
"1054",1054,1,0,0,1,0,0,0,0,0,0,1,0
"1055",1055,2,0,1,0,0,0,0,0,1,0,0,0
"1056",1056,2,0,1,0,0,0,0,0,1,0,0,0
"1057",1057,2,0,1,0,0,0,0,0,0,1,0,0
"1058",1058,2,0,0,0,1,0,0,0,1,0,0,0
"1059",1059,3,0,1,0,0,0,0,0,1,0,0,0
"1060",1060,2,0,0,0,0,0,1,0,0,0,1,0
"1061",1061,2,0,1,0,0,0,0,0,1,0,0,0
"1062",1062,3,0,0,0,0,0,1,0,0,1,0,0
"1063",1063,2,0,0,0,0,0,1,0,0,0,1,0
"1064",1064,2,0,0,0,0,0,1,0,0,0,1,0
"1065",1065,2,0,1,0,0,0,0,0,0,1,0,0
"1066",1066,2,0,1,0,0,0,0,0,0,1,0,0
"1067",1067,2,0,1,0,0,0,0,0,0,1,0,0
"1068",1068,2,0,1,0,0,0,0,0,0,1,0,0
"1069",1069,2,0,1,0,0,0,0,0,1,0,0,0
"1070",1070,2,0,0,0,0,0,1,0,0,0,1,0
"1071",1071,1,0,1,0,0,0,0,0,0,0,1,0
"1072",1072,2,0,1,0,0,0,0,0,0,0,1,0
"1073",1073,1,0,0,0,0,0,1,0,0,0,1,0
"1074",1074,2,0,1,0,0,0,0,0,1,0,0,0
"1075",1075,3,0,1,0,0,0,0,0,0,1,0,0
"1076",1076,1,0,1,0,0,0,0,0,0,0,1,0
"1077",1077,2,0,1,0,0,0,0,0,0,0,1,0
"1078",1078,1,0,1,0,0,0,0,0,1,0,0,0
"1079",1079,2,0,1,0,0,0,0,0,0,1,0,0
"1080",1080,1,0,1,0,0,0,0,0,0,0,1,0
"1081",1081,2,0,1,0,0,0,0,0,0,1,0,0
"1082",1082,1,0,1,0,0,0,0,0,1,0,0,0
"1083",1083,2,0,1,0,0,0,0,0,0,1,0,0
"1084",1084,1,0,1,0,0,0,0,0,0,1,0,0
"1085",1085,2,0,1,0,0,0,0,0,1,0,0,0
"1086",1086,2,0,1,0,0,0,0,0,0,0,1,0
"1087",1087,1,0,1,0,0,0,0,0,0,1,0,0
"1088",1088,3,0,1,0,0,0,0,0,0,1,0,0
"1089",1089,2,0,0,0,0,0,1,0,0,0,1,0
"1090",1090,2,0,1,0,0,0,0,0,1,0,0,0
"1091",1091,2,0,0,0,0,0,1,0,0,0,1,0
"1092",1092,2,0,0,0,0,0,1,0,0,0,1,0
"1093",1093,2,0,0,0,0,0,1,0,0,0,1,0
"1094",1094,2,0,0,0,0,0,1,0,0,0,1,0
"1095",1095,1,0,1,0,0,0,0,0,1,0,0,0
"1096",1096,2,0,1,0,0,0,0,0,0,1,0,0
"1097",1097,0,NA,NA,NA,NA,NA,NA,1,NA,NA,NA,1
"1098",1098,2,0,1,0,0,0,0,0,0,1,0,0
"1099",1099,1,0,0,0,0,0,1,0,0,0,1,0
"1100",1100,2,0,1,0,0,0,0,0,0,1,0,0
"1101",1101,1,0,0,0,0,0,1,0,0,0,1,0
"1102",1102,1,0,0,0,0,0,1,0,0,0,1,0
"1103",1103,1,0,1,0,0,0,0,0,0,1,0,0
"1104",1104,2,0,0,0,1,0,0,0,1,0,0,0
"1105",1105,2,0,0,0,0,0,1,0,0,0,1,0
"1106",1106,2,0,1,0,0,0,0,0,0,1,0,0
"1107",1107,2,0,1,0,0,0,0,0,1,0,0,0
"1108",1108,2,0,0,0,1,0,0,0,0,1,0,0
"1109",1109,2,0,1,0,0,0,0,0,0,1,0,0
"1110",1110,3,0,1,0,0,0,0,0,1,0,0,0
"1111",1111,2,0,1,0,0,0,0,0,1,0,0,0
"1112",1112,2,0,1,0,0,0,0,0,0,1,0,0
"1113",1113,1,0,0,0,0,0,1,0,0,0,1,0
"1114",1114,1,0,1,0,0,0,0,0,0,0,1,0
"1115",1115,1,0,0,0,0,0,1,0,0,0,1,0
"1116",1116,3,0,1,0,0,0,0,0,0,1,0,0
"1117",1117,2,0,0,0,1,0,0,0,1,0,0,0
"1118",1118,2,0,1,0,0,0,0,0,0,1,0,0
"1119",1119,1,0,0,0,1,0,0,0,0,1,0,0
"1120",1120,1,0,1,0,0,0,0,0,0,1,0,0
"1121",1121,1,0,0,0,0,0,1,0,0,0,1,0
"1122",1122,3,0,1,0,0,0,0,0,0,1,0,0
"1123",1123,1,0,0,1,0,0,0,0,0,0,1,0
"1124",1124,0,NA,NA,NA,NA,NA,NA,1,NA,NA,NA,1
"1125",1125,2,0,1,0,0,0,0,0,1,0,0,0
"1126",1126,2,0,0,0,0,0,1,0,0,0,1,0
"1127",1127,3,0,1,0,0,0,0,0,1,0,0,0
"1128",1128,3,0,1,0,0,0,0,0,1,0,0,0
"1129",1129,2,0,0,0,1,0,0,0,1,0,0,0
"1130",1130,2,0,0,0,0,0,1,0,0,0,1,0
"1131",1131,2,0,0,0,0,0,1,0,0,0,1,0
"1132",1132,0,NA,NA,NA,NA,NA,NA,1,NA,NA,NA,1
"1133",1133,1,0,0,0,0,0,1,0,0,0,1,0
"1134",1134,2,0,1,0,0,0,0,0,0,1,0,0
"1135",1135,2,0,1,0,0,0,0,0,1,0,0,0
"1136",1136,1,0,0,0,0,0,1,0,0,0,1,0
"1137",1137,1,0,1,0,0,0,0,0,0,0,1,0
"1138",1138,0,NA,NA,NA,NA,NA,NA,1,NA,NA,NA,1
"1139",1139,2,0,1,0,0,0,0,0,0,1,0,0
"1140",1140,2,0,0,0,0,0,1,0,0,0,1,0
"1141",1141,2,0,0,0,0,0,1,0,0,0,1,0
"1142",1142,2,0,1,0,0,0,0,0,0,0,1,0
"1143",1143,3,0,0,0,1,0,0,0,0,1,0,0
"1144",1144,0,NA,NA,NA,NA,NA,NA,1,NA,NA,NA,1
"1145",1145,1,0,0,0,0,0,1,0,0,0,1,0
"1146",1146,1,0,0,0,0,0,1,0,0,0,1,0
"1147",1147,2,0,1,0,0,0,0,0,0,0,1,0
"1148",1148,1,0,1,0,0,0,0,0,0,0,1,0
"1149",1149,1,0,0,0,0,0,1,0,0,0,1,0
"1150",1150,2,0,0,0,0,0,1,0,0,0,1,0
"1151",1151,1,0,1,0,0,0,0,0,0,0,1,0
"1152",1152,2,0,1,0,0,0,0,0,1,0,0,0
"1153",1153,2,0,1,0,0,0,0,0,1,0,0,0
"1154",1154,1,0,0,0,0,0,1,0,0,0,1,0
"1155",1155,2,0,1,0,0,0,0,0,0,0,1,0
"1156",1156,2,0,1,0,0,0,0,0,0,1,0,0
"1157",1157,2,0,1,0,0,0,0,0,0,1,0,0
"1158",1158,2,0,1,0,0,0,0,0,0,1,0,0
"1159",1159,3,0,1,0,0,0,0,0,0,1,0,0
"1160",1160,2,0,1,0,0,0,0,0,0,1,0,0
"1161",1161,2,0,1,0,0,0,0,0,0,0,1,0
"1162",1162,2,0,0,0,0,0,1,0,0,0,1,0
"1163",1163,2,0,1,0,0,0,0,0,1,0,0,0
"1164",1164,2,0,0,0,0,1,0,0,0,0,1,0
"1165",1165,2,0,1,0,0,0,0,0,0,0,1,0
"1166",1166,2,0,1,0,0,0,0,0,0,1,0,0
"1167",1167,3,0,1,0,0,0,0,0,0,1,0,0
"1168",1168,2,0,1,0,0,0,0,0,1,0,0,0
"1169",1169,2,0,0,1,0,0,0,0,0,0,1,0
"1170",1170,3,0,1,0,0,0,0,0,1,0,0,0
"1171",1171,1,0,1,0,0,0,0,0,1,0,0,0
"1172",1172,2,0,1,0,0,0,0,0,0,1,0,0
"1173",1173,2,0,0,0,0,0,1,0,1,0,0,0
"1174",1174,0,NA,NA,NA,NA,NA,NA,1,NA,NA,NA,1
"1175",1175,2,0,0,0,0,0,1,0,0,0,1,0
"1176",1176,2,0,1,0,0,0,0,0,1,0,0,0
"1177",1177,1,0,1,0,0,0,0,0,0,0,1,0
"1178",1178,1,0,0,0,0,0,1,0,0,0,1,0
"1179",1179,1,0,0,0,0,0,1,0,0,0,1,0
"1180",1180,0,NA,NA,NA,NA,NA,NA,1,NA,NA,NA,1
"1181",1181,2,0,1,0,0,0,0,0,1,0,0,0
"1182",1182,2,0,1,0,0,0,0,0,1,0,0,0
"1183",1183,3,0,1,0,0,0,0,0,1,0,0,0
"1184",1184,2,0,0,0,0,0,1,0,0,0,1,0
"1185",1185,3,1,0,0,0,0,0,0,0,1,0,0
"1186",1186,1,0,1,0,0,0,0,0,0,0,1,0
"1187",1187,2,0,0,0,0,1,0,0,0,0,1,0
"1188",1188,3,0,1,0,0,0,0,0,0,1,0,0
"1189",1189,2,0,1,0,0,0,0,0,0,1,0,0
"1190",1190,2,0,1,0,0,0,0,0,1,0,0,0
"1191",1191,4,1,0,0,0,0,0,0,1,0,0,0
"1192",1192,2,0,0,0,0,0,1,0,0,0,1,0
"1193",1193,1,0,0,0,0,0,1,0,0,0,1,0
"1194",1194,2,0,1,0,0,0,0,0,1,0,0,0
"1195",1195,1,0,1,0,0,0,0,0,1,0,0,0
"1196",1196,2,0,1,0,0,0,0,0,1,0,0,0
"1197",1197,3,0,0,0,1,0,0,0,1,0,0,0
"1198",1198,1,0,0,0,0,0,1,0,0,0,1,0
"1199",1199,2,0,1,0,0,0,0,0,0,1,0,0
"1200",1200,2,0,1,0,0,0,0,0,0,0,1,0
"1201",1201,1,0,1,0,0,0,0,0,0,0,1,0
"1202",1202,2,0,1,0,0,0,0,0,0,1,0,0
"1203",1203,1,0,0,0,0,0,1,0,0,0,1,0
"1204",1204,2,0,1,0,0,0,0,0,0,0,1,0
"1205",1205,2,0,1,0,0,0,0,0,0,1,0,0
"1206",1206,3,0,1,0,0,0,0,0,0,1,0,0
"1207",1207,1,0,0,0,0,0,1,0,0,0,1,0
"1208",1208,2,0,1,0,0,0,0,0,0,1,0,0
"1209",1209,2,0,0,0,0,0,1,0,0,0,1,0
"1210",1210,2,0,1,0,0,0,0,0,0,1,0,0
"1211",1211,2,0,1,0,0,0,0,0,0,1,0,0
"1212",1212,2,0,0,1,0,0,0,0,0,1,0,0
"1213",1213,1,0,1,0,0,0,0,0,0,0,1,0
"1214",1214,1,0,1,0,0,0,0,0,0,0,1,0
"1215",1215,1,0,1,0,0,0,0,0,0,0,1,0
"1216",1216,1,0,0,0,0,0,1,0,0,1,0,0
"1217",1217,2,0,1,0,0,0,0,0,0,0,1,0
"1218",1218,2,0,1,0,0,0,0,0,0,1,0,0
"1219",1219,0,NA,NA,NA,NA,NA,NA,1,NA,NA,NA,1
"1220",1220,0,NA,NA,NA,NA,NA,NA,1,NA,NA,NA,1
"1221",1221,1,0,1,0,0,0,0,0,0,0,1,0
"1222",1222,1,0,1,0,0,0,0,0,0,0,1,0
"1223",1223,1,0,1,0,0,0,0,0,0,0,1,0
"1224",1224,2,0,0,0,0,0,1,0,0,0,1,0
"1225",1225,2,0,1,0,0,0,0,0,1,0,0,0
"1226",1226,1,0,1,0,0,0,0,0,0,1,0,0
"1227",1227,3,0,0,0,1,0,0,0,1,0,0,0
"1228",1228,2,0,0,0,0,0,1,0,0,0,1,0
"1229",1229,3,0,1,0,0,0,0,0,1,0,0,0
"1230",1230,1,0,0,1,0,0,0,0,0,0,1,0
"1231",1231,2,0,0,0,1,0,0,0,0,1,0,0
"1232",1232,2,0,1,0,0,0,0,0,0,0,1,0
"1233",1233,2,0,0,0,0,1,0,0,0,0,1,0
"1234",1234,2,0,1,0,0,0,0,0,0,1,0,0
"1235",1235,0,NA,NA,NA,NA,NA,NA,1,NA,NA,NA,1
"1236",1236,1,0,0,0,0,0,1,0,0,0,1,0
"1237",1237,2,0,0,0,1,0,0,0,0,1,0,0
"1238",1238,2,0,0,0,1,0,0,0,1,0,0,0
"1239",1239,2,0,0,0,0,0,1,0,0,0,1,0
"1240",1240,2,0,1,0,0,0,0,0,0,1,0,0
"1241",1241,2,0,1,0,0,0,0,0,0,1,0,0
"1242",1242,3,0,1,0,0,0,0,0,0,1,0,0
"1243",1243,2,0,1,0,0,0,0,0,0,1,0,0
"1244",1244,3,0,1,0,0,0,0,0,1,0,0,0
"1245",1245,2,0,0,0,0,0,1,0,0,0,1,0
"1246",1246,2,0,0,0,1,0,0,0,1,0,0,0
"1247",1247,2,0,1,0,0,0,0,0,0,1,0,0
"1248",1248,3,0,1,0,0,0,0,0,0,0,1,0
"1249",1249,2,0,0,0,0,0,1,0,0,0,1,0
"1250",1250,1,0,1,0,0,0,0,0,0,0,1,0
"1251",1251,2,0,1,0,0,0,0,0,1,0,0,0
"1252",1252,2,0,1,0,0,0,0,0,0,1,0,0
"1253",1253,1,0,1,0,0,0,0,0,0,1,0,0
"1254",1254,2,0,1,0,0,0,0,0,0,1,0,0
"1255",1255,2,0,0,0,1,0,0,0,1,0,0,0
"1256",1256,1,0,0,0,0,0,1,0,0,0,1,0
"1257",1257,2,0,1,0,0,0,0,0,1,0,0,0
"1258",1258,0,NA,NA,NA,NA,NA,NA,1,NA,NA,NA,1
"1259",1259,2,0,1,0,0,0,0,0,1,0,0,0
"1260",1260,2,0,1,0,0,0,0,0,0,0,1,0
"1261",1261,2,0,0,0,1,0,0,0,1,0,0,0
"1262",1262,1,0,1,0,0,0,0,0,0,0,1,0
"1263",1263,1,0,1,0,0,0,0,0,0,0,1,0
"1264",1264,2,0,0,0,0,0,1,0,0,0,1,0
"1265",1265,2,0,1,0,0,0,0,0,1,0,0,0
"1266",1266,2,0,0,0,0,0,1,0,0,0,1,0
"1267",1267,1,0,0,0,0,0,1,0,0,0,1,0
"1268",1268,3,0,1,0,0,0,0,0,1,0,0,0
"1269",1269,3,0,0,0,1,0,0,0,0,0,1,0
"1270",1270,1,0,1,0,0,0,0,0,0,0,1,0
"1271",1271,2,0,1,0,0,0,0,0,1,0,0,0
"1272",1272,2,0,1,0,0,0,0,0,0,1,0,0
"1273",1273,1,0,1,0,0,0,0,0,0,0,1,0
"1274",1274,1,0,0,1,0,0,0,0,0,1,0,0
"1275",1275,2,0,0,0,0,0,1,0,0,0,1,0
"1276",1276,2,0,0,0,0,0,1,0,0,0,1,0
"1277",1277,2,0,1,0,0,0,0,0,0,0,1,0
"1278",1278,2,0,1,0,0,0,0,0,0,1,0,0
"1279",1279,2,0,1,0,0,0,0,0,0,1,0,0
"1280",1280,2,0,0,0,0,0,1,0,0,1,0,0
"1281",1281,2,0,1,0,0,0,0,0,0,1,0,0
"1282",1282,2,0,1,0,0,0,0,0,1,0,0,0
"1283",1283,2,0,0,0,0,0,1,0,0,0,1,0
"1284",1284,0,NA,NA,NA,NA,NA,NA,1,NA,NA,NA,1
"1285",1285,1,0,0,0,0,0,1,0,0,0,1,0
"1286",1286,1,0,0,0,0,0,1,0,0,0,1,0
"1287",1287,2,0,1,0,0,0,0,0,0,0,1,0
"1288",1288,2,0,1,0,0,0,0,0,0,0,1,0
"1289",1289,2,0,1,0,0,0,0,0,1,0,0,0
"1290",1290,3,0,0,0,1,0,0,0,1,0,0,0
"1291",1291,2,0,1,0,0,0,0,0,0,1,0,0
"1292",1292,1,0,0,0,0,0,1,0,0,0,1,0
"1293",1293,1,0,1,0,0,0,0,0,0,1,0,0
"1294",1294,2,0,1,0,0,0,0,0,0,1,0,0
"1295",1295,2,0,0,0,0,0,1,0,0,0,1,0
"1296",1296,1,0,1,0,0,0,0,0,0,1,0,0
"1297",1297,2,0,1,0,0,0,0,0,0,1,0,0
"1298",1298,2,0,0,1,0,0,0,0,1,0,0,0
"1299",1299,2,0,1,0,0,0,0,0,1,0,0,0
"1300",1300,1,0,1,0,0,0,0,0,0,1,0,0
"1301",1301,2,0,1,0,0,0,0,0,1,0,0,0
"1302",1302,1,0,1,0,0,0,0,0,0,0,1,0
"1303",1303,3,0,1,0,0,0,0,0,0,1,0,0
"1304",1304,3,0,1,0,0,0,0,0,0,1,0,0
"1305",1305,2,0,0,0,0,0,1,0,0,0,1,0
"1306",1306,2,0,1,0,0,0,0,0,1,0,0,0
"1307",1307,2,0,1,0,0,0,0,0,0,1,0,0
"1308",1308,2,0,0,0,0,0,1,0,0,0,1,0
"1309",1309,2,0,1,0,0,0,0,0,0,0,1,0
"1310",1310,2,0,1,0,0,0,0,0,0,1,0,0
"1311",1311,2,0,1,0,0,0,0,0,1,0,0,0
"1312",1312,2,0,1,0,0,0,0,0,0,1,0,0
"1313",1313,2,0,1,0,0,0,0,0,0,1,0,0
"1314",1314,3,0,0,0,1,0,0,0,1,0,0,0
"1315",1315,1,0,0,0,0,0,1,0,0,0,1,0
"1316",1316,2,0,1,0,0,0,0,0,0,0,1,0
"1317",1317,3,0,1,0,0,0,0,0,0,1,0,0
"1318",1318,2,0,1,0,0,0,0,0,0,1,0,0
"1319",1319,3,0,1,0,0,0,0,0,0,1,0,0
"1320",1320,1,0,1,0,0,0,0,0,0,0,1,0
"1321",1321,2,0,1,0,0,0,0,0,0,1,0,0
"1322",1322,1,0,0,0,0,0,1,0,0,0,1,0
"1323",1323,2,0,1,0,0,0,0,0,0,1,0,0
"1324",1324,0,NA,NA,NA,NA,NA,NA,1,NA,NA,NA,1
"1325",1325,3,0,1,0,0,0,0,0,0,1,0,0
"1326",1326,0,NA,NA,NA,NA,NA,NA,1,NA,NA,NA,1
"1327",1327,0,NA,NA,NA,NA,NA,NA,1,NA,NA,NA,1
"1328",1328,1,0,1,0,0,0,0,0,0,0,1,0
"1329",1329,2,0,0,0,0,0,1,0,0,0,1,0
"1330",1330,2,0,1,0,0,0,0,0,1,0,0,0
"1331",1331,3,0,1,0,0,0,0,0,0,1,0,0
"1332",1332,2,0,0,0,0,0,1,0,0,0,1,0
"1333",1333,1,0,0,0,0,0,1,0,0,0,1,0
"1334",1334,1,0,0,0,0,0,1,0,0,0,1,0
"1335",1335,2,0,1,0,0,0,0,0,0,0,1,0
"1336",1336,2,0,1,0,0,0,0,0,0,1,0,0
"1337",1337,2,0,0,0,0,0,1,0,0,0,1,0
"1338",1338,0,NA,NA,NA,NA,NA,NA,1,NA,NA,NA,1
"1339",1339,2,0,0,0,1,0,0,0,0,1,0,0
"1340",1340,1,0,1,0,0,0,0,0,0,1,0,0
"1341",1341,4,0,0,0,0,0,1,0,0,0,1,0
"1342",1342,2,0,0,0,0,0,1,0,0,0,1,0
"1343",1343,2,0,1,0,0,0,0,0,0,1,0,0
"1344",1344,2,0,0,0,0,0,1,0,0,0,1,0
"1345",1345,2,0,1,0,0,0,0,0,1,0,0,0
"1346",1346,1,0,0,0,0,0,1,0,0,0,1,0
"1347",1347,2,0,1,0,0,0,0,0,0,1,0,0
"1348",1348,3,0,1,0,0,0,0,0,1,0,0,0
"1349",1349,2,0,1,0,0,0,0,0,0,1,0,0
"1350",1350,0,NA,NA,NA,NA,NA,NA,1,NA,NA,NA,1
"1351",1351,4,0,0,0,0,0,1,0,0,0,1,0
"1352",1352,2,0,1,0,0,0,0,0,1,0,0,0
"1353",1353,2,0,0,0,0,0,1,0,0,0,1,0
"1354",1354,3,0,1,0,0,0,0,0,1,0,0,0
"1355",1355,3,0,1,0,0,0,0,0,0,1,0,0
"1356",1356,2,0,1,0,0,0,0,0,0,1,0,0
"1357",1357,1,0,1,0,0,0,0,0,0,1,0,0
"1358",1358,2,0,1,0,0,0,0,0,1,0,0,0
"1359",1359,2,0,0,0,0,0,1,0,0,0,1,0
"1360",1360,3,0,1,0,0,0,0,0,1,0,0,0
"1361",1361,2,0,0,0,1,0,0,0,0,1,0,0
"1362",1362,2,0,1,0,0,0,0,0,1,0,0,0
"1363",1363,1,0,1,0,0,0,0,0,0,0,1,0
"1364",1364,2,0,0,0,1,0,0,0,1,0,0,0
"1365",1365,2,0,0,0,0,0,1,0,0,1,0,0
"1366",1366,2,0,1,0,0,0,0,0,0,1,0,0
"1367",1367,2,0,1,0,0,0,0,0,0,1,0,0
"1368",1368,1,0,1,0,0,0,0,0,0,1,0,0
"1369",1369,2,0,1,0,0,0,0,0,1,0,0,0
"1370",1370,2,0,1,0,0,0,0,0,1,0,0,0
"1371",1371,1,0,0,0,0,0,1,0,1,0,0,0
"1372",1372,1,0,0,0,1,0,0,0,0,1,0,0
"1373",1373,2,0,0,0,0,0,1,0,0,1,0,0
"1374",1374,3,0,1,0,0,0,0,0,0,1,0,0
"1375",1375,3,0,1,0,0,0,0,0,1,0,0,0
"1376",1376,3,0,1,0,0,0,0,0,1,0,0,0
"1377",1377,1,0,0,0,0,0,1,0,0,0,1,0
"1378",1378,2,0,0,0,0,0,1,0,0,0,1,0
"1379",1379,1,0,0,0,0,0,1,0,0,0,1,0
"1380",1380,2,0,0,0,1,0,0,0,1,0,0,0
"1381",1381,1,0,0,0,0,0,1,0,0,0,1,0
"1382",1382,2,0,1,0,0,0,0,0,1,0,0,0
"1383",1383,2,0,0,0,0,0,1,0,0,0,1,0
"1384",1384,2,0,1,0,0,0,0,0,0,0,1,0
"1385",1385,1,0,0,0,0,0,1,0,0,0,1,0
"1386",1386,1,0,0,0,0,0,1,0,0,0,1,0
"1387",1387,2,0,1,0,0,0,0,0,0,1,0,0
"1388",1388,1,0,0,0,0,0,1,0,0,0,1,0
"1389",1389,3,0,1,0,0,0,0,0,1,0,0,0
"1390",1390,2,0,0,0,0,0,1,0,0,0,1,0
"1391",1391,2,0,1,0,0,0,0,0,0,1,0,0
"1392",1392,3,0,0,0,0,0,1,0,0,0,1,0
"1393",1393,1,0,1,0,0,0,0,0,0,1,0,0
"1394",1394,2,0,0,0,0,0,1,0,0,0,1,0
"1395",1395,3,0,1,0,0,0,0,0,1,0,0,0
"1396",1396,3,0,0,0,1,0,0,0,1,0,0,0
"1397",1397,2,0,0,0,0,0,1,0,0,0,1,0
"1398",1398,1,0,0,0,0,0,1,0,0,0,1,0
"1399",1399,1,0,1,0,0,0,0,0,0,0,1,0
"1400",1400,1,0,0,0,0,0,1,0,0,0,1,0
"1401",1401,1,0,0,0,1,0,0,0,0,1,0,0
"1402",1402,2,0,1,0,0,0,0,0,1,0,0,0
"1403",1403,2,0,1,0,0,0,0,0,0,1,0,0
"1404",1404,3,0,1,0,0,0,0,0,0,0,1,0
"1405",1405,3,0,0,0,0,0,1,0,0,0,1,0
"1406",1406,2,0,1,0,0,0,0,0,1,0,0,0
"1407",1407,2,0,0,0,0,0,1,0,0,0,1,0
"1408",1408,0,NA,NA,NA,NA,NA,NA,1,NA,NA,NA,1
"1409",1409,2,0,0,0,0,0,1,0,0,0,1,0
"1410",1410,2,0,1,0,0,0,0,0,1,0,0,0
"1411",1411,2,0,1,0,0,0,0,0,0,1,0,0
"1412",1412,1,0,1,0,0,0,0,0,0,0,1,0
"1413",1413,2,0,0,0,0,0,1,0,0,0,1,0
"1414",1414,2,0,1,0,0,0,0,0,1,0,0,0
"1415",1415,2,0,0,0,0,0,1,0,0,0,1,0
"1416",1416,3,0,1,0,0,0,0,0,0,1,0,0
"1417",1417,2,0,0,0,0,0,1,0,0,0,1,0
"1418",1418,3,0,1,0,0,0,0,0,1,0,0,0
"1419",1419,1,0,0,0,0,0,1,0,0,0,1,0
"1420",1420,2,0,1,0,0,0,0,0,0,1,0,0
"1421",1421,2,0,1,0,0,0,0,0,0,1,0,0
"1422",1422,2,0,1,0,0,0,0,0,0,1,0,0
"1423",1423,2,0,1,0,0,0,0,0,1,0,0,0
"1424",1424,2,0,1,0,0,0,0,0,0,0,1,0
"1425",1425,1,0,0,0,0,0,1,0,0,0,1,0
"1426",1426,2,0,0,0,0,0,1,0,0,0,1,0
"1427",1427,2,0,1,0,0,0,0,0,0,1,0,0
"1428",1428,1,0,1,0,0,0,0,0,0,0,1,0
"1429",1429,1,0,1,0,0,0,0,0,0,0,1,0
"1430",1430,2,0,1,0,0,0,0,0,1,0,0,0
"1431",1431,2,0,0,0,1,0,0,0,1,0,0,0
"1432",1432,2,0,1,0,0,0,0,0,0,1,0,0
"1433",1433,1,0,0,0,0,0,1,0,0,0,1,0
"1434",1434,2,0,1,0,0,0,0,0,1,0,0,0
"1435",1435,2,0,1,0,0,0,0,0,0,1,0,0
"1436",1436,2,0,1,0,0,0,0,0,0,1,0,0
"1437",1437,2,0,0,0,0,0,1,0,0,0,1,0
"1438",1438,3,0,1,0,0,0,0,0,1,0,0,0
"1439",1439,2,0,1,0,0,0,0,0,0,0,1,0
"1440",1440,2,0,1,0,0,0,0,0,0,1,0,0
"1441",1441,2,0,0,0,0,0,1,0,1,0,0,0
"1442",1442,2,0,1,0,0,0,0,0,0,1,0,0
"1443",1443,3,0,1,0,0,0,0,0,1,0,0,0
"1444",1444,1,0,0,0,0,0,1,0,0,0,1,0
"1445",1445,2,0,1,0,0,0,0,0,0,1,0,0
"1446",1446,1,0,0,0,0,0,1,0,0,0,1,0
"1447",1447,1,0,1,0,0,0,0,0,0,0,1,0
"1448",1448,2,0,1,0,0,0,0,0,0,1,0,0
"1449",1449,1,0,0,0,0,0,1,0,0,0,1,0
"1450",1450,0,NA,NA,NA,NA,NA,NA,1,NA,NA,NA,1
"1451",1451,0,NA,NA,NA,NA,NA,NA,1,NA,NA,NA,1
"1452",1452,3,0,1,0,0,0,0,0,1,0,0,0
"1453",1453,2,0,0,1,0,0,0,0,1,0,0,0
"1454",1454,0,NA,NA,NA,NA,NA,NA,1,NA,NA,NA,1
"1455",1455,2,0,1,0,0,0,0,0,0,1,0,0
"1456",1456,2,0,1,0,0,0,0,0,0,1,0,0
"1457",1457,2,0,1,0,0,0,0,0,0,0,1,0
"1458",1458,1,0,1,0,0,0,0,0,0,1,0,0
"1459",1459,1,0,1,0,0,0,0,0,0,0,1,0
"1460",1460,1,0,1,0,0,0,0,0,1,0,0,0
