"","id","lowqualfinsf","highqualsf","bedroomabvgr","tot_halfbath","tot_fullbath","extra_rooms","fireplace_binary","kitchenabvgr","kitchenqual_Ex","kitchenqual_Fa","kitchenqual_Gd","kitchenqual_TA","functional_Maj1","functional_Maj2","functional_Min1","functional_Min2","functional_Mod","functional_Sev","functional_Typ"
"1",1,0,1710,3,1,3,4,0,1,0,0,1,0,0,0,0,0,0,0,1
"2",2,0,1262,3,1,2,2,1,1,0,0,0,1,0,0,0,0,0,0,1
"3",3,0,1786,3,1,3,2,1,1,0,0,1,0,0,0,0,0,0,0,1
"4",4,0,1717,3,0,2,3,1,1,0,0,1,0,0,0,0,0,0,0,1
"5",5,0,2198,4,1,3,4,1,1,0,0,1,0,0,0,0,0,0,0,1
"6",6,0,1362,1,1,2,3,0,1,0,0,0,1,0,0,0,0,0,0,1
"7",7,0,1694,3,0,3,3,1,1,0,0,1,0,0,0,0,0,0,0,1
"8",8,0,2090,3,1,3,3,1,1,0,0,0,1,0,0,0,0,0,0,1
"9",9,0,1774,2,0,2,4,1,2,0,0,0,1,0,0,1,0,0,0,0
"10",10,0,1077,2,0,2,1,1,2,0,0,0,1,0,0,0,0,0,0,1
"11",11,0,1040,3,0,2,1,0,1,0,0,0,1,0,0,0,0,0,0,1
"12",12,0,2324,4,0,4,6,1,1,1,0,0,0,0,0,0,0,0,0,1
"13",13,0,912,2,0,2,1,0,1,0,0,0,1,0,0,0,0,0,0,1
"14",14,0,1494,3,0,2,3,1,1,0,0,1,0,0,0,0,0,0,0,1
"15",15,0,1253,2,1,2,2,1,1,0,0,0,1,0,0,0,0,0,0,1
"16",16,0,854,2,0,1,2,0,1,0,0,0,1,0,0,0,0,0,0,1
"17",17,0,1004,2,0,2,2,1,1,0,0,0,1,0,0,0,0,0,0,1
"18",18,0,1296,2,0,2,2,0,2,0,0,0,1,0,0,0,0,0,0,1
"19",19,0,1114,3,1,2,2,0,1,0,0,1,0,0,0,0,0,0,0,1
"20",20,0,1339,3,0,1,2,0,1,0,0,0,1,0,0,1,0,0,0,0
"21",21,0,2376,4,1,3,4,1,1,0,0,1,0,0,0,0,0,0,0,1
"22",22,0,1108,3,0,1,2,1,1,0,0,1,0,0,0,0,0,0,0,1
"23",23,0,1795,3,0,2,3,1,1,0,0,1,0,0,0,0,0,0,0,1
"24",24,0,1060,3,0,2,2,1,1,0,0,0,1,0,0,0,0,0,0,1
"25",25,0,1060,3,0,2,2,1,1,0,0,1,0,0,0,0,0,0,0,1
"26",26,0,1600,3,0,2,3,1,1,0,0,1,0,0,0,0,0,0,0,1
"27",27,0,900,3,1,1,1,0,1,0,0,1,0,0,0,0,0,0,0,1
"28",28,0,1704,3,0,3,3,1,1,0,0,1,0,0,0,0,0,0,0,1
"29",29,0,1600,2,0,2,3,1,1,0,0,0,1,0,0,0,0,0,0,1
"30",30,0,520,1,0,1,2,0,1,0,1,0,0,0,0,0,0,0,0,1
"31",31,0,1317,3,0,1,2,0,1,0,0,0,1,0,0,0,0,0,0,1
"32",32,0,1228,3,1,1,2,0,1,0,0,1,0,0,0,0,0,0,0,1
"33",33,0,1234,3,0,2,3,0,1,0,0,1,0,0,0,0,0,0,0,1
"34",34,0,1700,4,2,1,1,1,1,0,0,1,0,0,0,0,0,0,0,1
"35",35,0,1561,2,0,3,3,1,1,1,0,0,0,0,0,0,0,0,0,1
"36",36,0,2452,4,1,3,4,1,1,0,0,1,0,0,0,0,0,0,0,1
"37",37,0,1097,3,1,1,2,0,1,0,0,0,1,0,0,0,0,0,0,1
"38",38,0,1297,3,1,1,1,1,1,0,0,0,1,0,0,0,0,0,0,1
"39",39,0,1057,3,0,2,1,0,1,0,0,1,0,0,0,0,0,0,0,1
"40",40,0,1152,2,0,2,2,0,2,0,1,0,0,0,0,0,0,0,0,1
"41",41,0,1324,3,0,2,2,1,1,0,0,0,1,0,0,0,0,0,0,1
"42",42,0,1328,2,2,1,2,1,1,0,0,0,1,0,0,0,0,0,0,1
"43",43,0,884,2,0,2,2,0,1,0,0,1,0,0,0,0,0,0,0,1
"44",44,0,938,3,0,2,1,0,1,0,0,0,1,0,0,0,0,0,0,1
"45",45,0,1150,3,0,2,2,0,1,0,0,0,1,0,0,0,0,0,0,1
"46",46,0,1752,2,0,3,3,1,1,1,0,0,0,0,0,0,0,0,0,1
"47",47,0,2149,1,1,2,4,1,1,0,0,1,0,0,0,0,0,0,0,1
"48",48,0,1656,3,0,2,3,0,1,0,0,1,0,0,0,0,0,0,0,1
"49",49,0,1452,2,0,2,3,0,3,0,0,0,1,0,0,0,0,0,0,1
"50",50,0,955,3,0,2,2,0,1,0,0,0,1,0,0,0,0,0,0,1
"51",51,0,1470,3,1,2,2,0,1,0,0,0,1,0,0,0,0,0,0,1
"52",52,360,1176,3,0,1,2,1,1,0,0,0,1,0,0,0,0,0,0,1
"53",53,0,816,2,0,2,2,0,1,0,0,0,1,0,0,0,0,0,0,1
"54",54,0,1842,0,1,2,4,1,1,0,0,1,0,0,0,0,0,0,0,1
"55",55,0,1360,3,0,1,2,1,1,0,0,0,1,0,0,1,0,0,0,0
"56",56,0,1425,3,0,2,3,1,1,0,0,0,1,0,0,0,0,0,0,1
"57",57,0,1739,3,1,3,3,0,1,0,0,1,0,0,0,0,0,0,0,1
"58",58,0,1720,3,1,2,3,0,1,0,0,1,0,0,0,0,0,0,0,1
"59",59,0,2945,3,1,3,6,1,1,0,0,1,0,0,0,0,0,0,0,1
"60",60,0,780,2,0,1,1,0,1,0,0,0,1,0,0,0,0,0,0,1
"61",61,0,1158,3,1,2,1,0,1,0,0,1,0,0,0,0,0,0,0,1
"62",62,0,1111,3,0,1,2,0,1,0,1,0,0,0,0,0,0,0,0,1
"63",63,0,1370,2,0,2,3,1,1,0,0,1,0,0,0,0,0,0,0,1
"64",64,0,1710,3,0,2,5,0,1,0,0,0,1,0,0,0,0,0,0,1
"65",65,0,2034,3,1,3,4,0,1,0,0,1,0,0,0,0,0,0,0,1
"66",66,0,2473,4,1,2,4,1,1,0,0,1,0,0,0,0,0,0,0,1
"67",67,0,2207,3,0,3,3,1,1,0,0,0,1,0,0,1,0,0,0,0
"68",68,0,1479,3,0,3,3,0,1,0,0,1,0,0,0,0,0,0,0,1
"69",69,0,747,2,0,1,1,0,1,0,0,0,1,0,0,0,0,0,0,1
"70",70,0,2287,3,0,2,3,1,1,0,0,0,1,0,0,0,0,0,0,1
"71",71,0,2223,3,0,3,4,1,1,0,0,0,1,0,0,0,0,0,0,1
"72",72,0,845,2,0,2,1,0,1,0,0,0,1,0,0,0,0,0,0,1
"73",73,0,1718,3,1,2,3,1,1,0,0,0,1,0,0,0,0,0,0,1
"74",74,0,1086,3,0,2,2,0,1,0,0,0,1,0,0,0,0,0,0,1
"75",75,0,1605,3,0,2,3,0,2,0,0,0,1,0,0,0,0,0,0,1
"76",76,0,988,2,0,2,2,0,1,0,0,0,1,0,0,0,0,0,0,1
"77",77,0,952,2,0,1,1,0,1,0,0,0,1,0,0,0,0,0,0,1
"78",78,0,1285,2,0,2,3,0,1,0,0,0,1,0,0,1,0,0,0,0
"79",79,0,1768,4,0,2,2,0,2,0,0,0,1,0,0,0,0,0,0,1
"80",80,0,1230,2,1,1,2,0,1,0,0,0,1,0,0,0,0,0,0,1
"81",81,0,2142,4,1,2,3,1,1,0,0,1,0,0,0,0,0,0,0,1
"82",82,0,1337,2,0,3,2,0,1,0,0,0,1,0,0,0,0,0,0,1
"83",83,0,1563,3,0,2,2,1,1,0,0,1,0,0,0,0,0,0,0,1
"84",84,0,1065,3,1,1,2,0,1,0,0,0,1,0,0,0,0,0,0,1
"85",85,0,1474,3,1,2,3,1,1,0,0,0,1,0,0,0,0,0,0,1
"86",86,0,2417,4,1,2,4,1,1,0,0,1,0,0,0,0,0,0,0,1
"87",87,0,1560,3,1,2,2,1,1,0,0,1,0,0,0,0,0,0,0,1
"88",88,0,1224,2,1,2,1,0,1,0,0,1,0,0,0,0,0,0,0,1
"89",89,513,1526,2,0,1,3,0,1,0,1,0,0,0,0,0,0,0,0,1
"90",90,0,990,3,0,2,1,0,1,0,0,0,1,0,0,0,0,0,0,1
"91",91,0,1040,2,0,1,1,0,1,0,0,0,1,0,0,0,0,0,0,1
"92",92,0,1235,2,0,1,3,0,1,0,0,0,1,0,0,0,0,0,0,1
"93",93,0,964,2,0,2,2,0,1,0,0,0,1,0,0,0,0,0,0,1
"94",94,0,2291,4,1,2,3,1,2,0,0,0,1,0,0,0,0,0,0,1
"95",95,0,1786,3,1,3,3,0,1,0,0,1,0,0,0,0,0,0,0,1
"96",96,0,1470,3,1,2,2,1,1,0,0,0,1,0,0,0,0,0,0,1
"97",97,0,1588,3,0,2,2,0,1,0,0,1,0,0,0,0,0,0,0,1
"98",98,0,960,3,0,2,2,0,1,0,0,0,1,0,0,0,0,0,0,1
"99",99,0,835,2,0,1,2,0,1,0,0,0,1,0,0,0,0,0,0,1
"100",100,0,1225,3,1,2,2,0,1,0,0,0,1,0,0,0,0,0,0,1
"101",101,0,1610,3,0,3,2,1,1,0,0,1,0,0,0,0,0,0,0,1
"102",102,0,1732,3,1,2,3,1,1,0,0,1,0,0,0,0,0,0,0,1
"103",103,0,1535,4,0,2,2,0,2,0,0,0,1,0,0,0,0,0,0,1
"104",104,0,1226,3,0,2,2,0,1,0,0,1,0,0,0,0,0,0,0,1
"105",105,0,1818,4,1,1,2,1,1,0,0,0,1,0,0,0,0,0,0,1
"106",106,0,1992,3,1,2,5,1,1,0,0,1,0,0,0,0,0,0,0,1
"107",107,0,1047,2,0,1,3,0,1,0,0,0,1,0,0,0,0,0,0,1
"108",108,0,789,2,0,1,2,0,1,0,0,0,1,0,0,0,0,0,0,1
"109",109,0,1517,3,0,2,3,0,1,0,1,0,0,0,0,0,0,0,0,1
"110",110,0,1844,3,0,2,3,1,1,0,0,0,1,0,0,0,0,0,0,1
"111",111,0,1855,4,0,2,2,0,1,0,0,0,1,0,0,0,0,0,0,1
"112",112,0,1430,3,1,2,3,1,1,0,0,0,1,0,0,0,0,0,0,1
"113",113,0,2696,4,1,3,5,1,1,1,0,0,0,0,0,0,0,0,0,1
"114",114,0,2259,3,0,3,3,1,1,0,0,1,0,0,0,0,0,0,0,1
"115",115,0,2320,3,1,3,5,1,1,0,0,1,0,0,0,0,0,0,0,1
"116",116,0,1458,2,1,2,2,1,1,0,0,0,1,0,0,0,0,0,0,1
"117",117,0,1092,3,1,1,2,1,1,0,0,0,1,0,0,0,0,0,0,1
"118",118,0,1125,2,1,1,2,0,1,0,0,0,1,0,0,0,0,0,0,1
"119",119,0,3222,5,0,4,5,1,1,0,0,1,0,0,0,0,0,0,0,1
"120",120,0,1456,3,1,2,4,1,1,0,0,1,0,0,0,0,0,0,0,1
"121",121,0,988,1,0,2,2,1,1,0,0,0,1,0,0,0,0,0,0,1
"122",122,0,1123,3,0,1,0,0,1,0,0,0,1,0,0,0,0,0,0,1
"123",123,0,1080,3,0,1,1,0,1,0,0,0,1,0,0,0,0,0,0,1
"124",124,0,1199,2,0,2,2,0,1,0,0,1,0,0,0,0,0,0,0,1
"125",125,0,1586,3,0,2,3,1,1,0,0,0,1,0,0,0,0,0,0,1
"126",126,234,754,2,0,2,2,0,1,0,0,0,1,0,0,0,0,0,0,1
"127",127,0,958,2,0,2,2,1,1,0,0,0,1,0,0,0,0,0,0,1
"128",128,0,840,3,0,1,1,1,1,0,0,0,1,0,0,0,0,0,0,1
"129",129,0,1348,3,1,1,2,1,1,0,0,0,1,0,0,0,0,0,0,1
"130",130,0,1053,3,2,1,2,0,1,1,0,0,0,0,0,0,0,0,0,1
"131",131,0,2157,4,1,2,3,1,1,0,0,1,0,0,0,0,0,0,0,1
"132",132,0,2054,3,1,3,3,1,1,0,0,1,0,0,0,0,0,0,0,1
"133",133,0,1327,3,0,2,3,0,1,0,0,1,0,0,0,0,0,0,0,1
"134",134,0,1296,2,0,3,3,0,1,0,0,1,0,0,0,0,0,0,0,1
"135",135,0,1721,3,1,2,3,1,1,0,0,0,1,0,0,1,0,0,0,0
"136",136,0,1682,3,0,2,3,1,1,0,0,0,1,0,0,0,0,0,0,1
"137",137,0,1214,3,0,2,1,1,1,0,0,0,1,0,0,0,0,0,0,1
"138",138,0,1959,5,0,3,2,0,2,0,0,0,1,0,0,0,0,0,0,1
"139",139,0,1852,3,1,2,3,1,1,0,0,1,0,0,0,0,0,0,0,1
"140",140,0,1764,3,1,3,3,0,1,0,0,1,0,0,0,0,0,0,0,1
"141",141,0,864,3,0,1,1,1,1,0,0,0,1,0,0,0,0,0,0,1
"142",142,0,1734,3,0,3,3,0,1,0,0,1,0,0,0,0,0,0,0,1
"143",143,0,1385,4,0,2,1,0,1,0,0,0,1,0,0,0,0,0,0,1
"144",144,0,1501,3,0,3,2,0,1,0,0,1,0,0,0,0,0,0,0,1
"145",145,0,1728,6,0,3,2,0,2,0,0,0,1,0,0,0,0,0,0,1
"146",146,0,1709,3,0,2,3,0,1,0,0,1,0,1,0,0,0,0,0,0
"147",147,0,875,2,0,2,2,0,1,0,0,0,1,0,0,0,0,0,0,1
"148",148,0,2035,3,1,2,4,1,1,0,0,1,0,0,0,0,0,0,0,1
"149",149,0,1080,3,0,2,2,0,1,0,0,1,0,0,0,0,0,0,0,1
"150",150,0,1344,3,0,1,3,0,1,0,0,0,1,0,0,0,0,0,0,1
"151",151,0,969,3,1,1,1,0,1,0,0,0,1,0,0,0,0,0,0,1
"152",152,0,1710,2,0,3,3,1,1,0,0,1,0,0,0,0,0,0,0,1
"153",153,0,1993,4,1,2,3,1,1,0,0,0,1,0,0,0,0,0,0,1
"154",154,0,1252,1,0,2,2,1,1,0,0,0,1,0,0,0,0,0,0,1
"155",155,0,1200,4,0,1,2,0,1,0,0,0,1,0,0,0,0,0,0,1
"156",156,0,1096,2,0,1,2,0,1,0,0,0,1,0,0,0,0,0,0,1
"157",157,0,1040,2,0,1,2,0,1,0,0,0,1,0,0,0,0,0,0,1
"158",158,0,1968,4,1,2,3,1,1,1,0,0,0,0,0,0,0,0,0,1
"159",159,0,1947,3,1,2,4,1,1,0,0,1,0,0,0,0,0,0,0,1
"160",160,0,2462,4,1,3,4,1,1,0,0,1,0,0,0,0,0,0,0,1
"161",161,0,1232,3,0,2,2,0,1,0,0,0,1,0,0,0,0,0,0,1
"162",162,0,2668,3,1,3,6,1,1,1,0,0,0,0,0,0,0,0,0,1
"163",163,0,1541,3,0,2,3,1,1,0,0,1,0,0,0,0,0,0,0,1
"164",164,0,882,1,0,1,2,0,1,0,0,0,1,0,0,0,0,0,0,1
"165",165,0,1616,3,0,2,1,0,1,0,0,1,0,0,0,0,0,0,0,1
"166",166,0,1355,4,0,3,0,0,2,0,0,0,1,0,0,0,0,0,0,1
"167",167,0,1867,2,0,2,4,1,1,0,0,0,1,0,0,0,0,0,0,1
"168",168,0,2161,3,1,2,4,1,1,1,0,0,0,0,0,0,0,0,0,1
"169",169,0,1720,3,1,2,3,1,1,0,0,1,0,0,0,0,0,0,0,1
"170",170,0,1707,2,1,2,3,1,1,0,0,0,1,0,0,0,0,0,0,1
"171",171,528,1382,2,1,1,4,0,1,0,0,0,1,0,0,0,0,0,0,1
"172",172,0,1656,3,0,2,3,1,1,0,0,0,1,0,0,0,0,0,0,1
"173",173,0,1767,2,0,3,2,1,1,0,0,1,0,0,0,0,0,0,0,1
"174",174,0,1362,3,1,2,2,1,1,0,0,0,1,0,0,0,0,0,0,1
"175",175,0,1651,3,0,3,3,1,1,0,0,0,1,0,0,0,1,0,0,0
"176",176,0,2158,4,0,3,2,1,1,0,0,1,0,0,0,0,0,0,0,1
"177",177,0,2060,4,2,2,3,1,1,0,0,0,1,0,0,0,0,0,0,1
"178",178,0,1920,4,0,3,3,1,1,0,0,1,0,0,0,0,0,0,0,1
"179",179,0,2234,1,0,3,7,1,1,1,0,0,0,0,0,0,0,0,0,1
"180",180,0,968,2,0,1,2,0,1,0,0,0,1,0,0,0,0,0,0,1
"181",181,0,1525,3,1,2,1,1,1,0,0,1,0,0,0,0,0,0,0,1
"182",182,0,1802,4,1,1,4,1,1,0,0,0,1,0,0,0,0,0,0,1
"183",183,0,1340,3,0,1,3,1,1,0,0,0,1,0,0,0,0,0,0,1
"184",184,0,2082,3,1,2,2,0,1,0,0,1,0,0,0,0,0,1,0,0
"185",185,0,1252,3,0,1,1,0,1,0,0,0,1,0,0,0,0,0,0,1
"186",186,572,3608,4,1,2,7,1,1,1,0,0,0,0,0,0,0,0,0,1
"187",187,0,1217,3,0,3,2,0,1,0,0,1,0,0,0,0,0,0,0,1
"188",188,144,1656,3,1,2,4,0,1,0,0,0,1,0,0,0,1,0,0,0
"189",189,0,1224,2,2,2,2,1,2,0,0,0,1,0,0,0,0,0,0,1
"190",190,0,1593,0,1,2,4,1,1,1,0,0,0,0,0,0,0,0,0,1
"191",191,0,2727,3,1,2,6,1,1,0,0,1,0,1,0,0,0,0,0,0
"192",192,0,1479,4,1,2,2,0,1,0,0,1,0,0,0,0,0,0,0,1
"193",193,0,1431,3,0,3,2,0,1,0,0,1,0,0,0,0,0,0,0,1
"194",194,0,1709,3,0,2,3,0,1,0,0,1,0,1,0,0,0,0,0,0
"195",195,0,864,3,0,1,1,0,1,0,0,0,1,0,0,0,0,0,0,1
"196",196,0,1456,3,1,2,3,1,1,0,0,0,1,0,0,0,0,0,0,1
"197",197,0,1726,3,0,3,4,1,1,1,0,0,0,0,0,0,0,0,0,1
"198",198,392,3112,4,1,3,3,1,1,0,0,1,0,0,0,0,0,0,0,1
"199",199,371,2229,5,0,1,2,0,1,0,0,0,1,0,0,0,0,0,0,1
"200",200,0,1713,3,0,3,3,1,1,1,0,0,0,0,0,0,0,0,0,1
"201",201,0,1121,2,0,2,2,0,1,0,0,0,1,0,0,0,0,0,0,1
"202",202,0,1279,3,1,2,2,1,1,0,0,0,1,0,0,0,0,0,0,1
"203",203,0,1310,2,0,2,3,0,1,0,0,0,1,0,0,1,0,0,0,0
"204",204,0,848,1,0,2,1,1,1,0,0,1,0,0,0,0,0,0,0,1
"205",205,0,1284,2,1,1,2,0,1,0,0,0,1,0,0,0,0,0,0,1
"206",206,0,1442,3,0,2,1,0,1,0,0,0,1,0,0,0,0,0,0,1
"207",207,0,1696,3,1,1,4,1,1,0,0,0,1,0,0,0,1,0,0,0
"208",208,0,1100,3,0,2,2,1,1,0,0,0,1,0,0,0,0,0,0,1
"209",209,0,2062,3,1,3,3,1,1,0,0,0,1,0,0,0,0,0,0,1
"210",210,0,1092,3,0,2,2,0,1,0,0,0,1,0,0,0,0,0,0,1
"211",211,0,864,2,0,2,2,0,1,0,0,0,1,0,0,0,0,0,0,1
"212",212,0,1212,3,0,2,2,0,1,0,0,1,0,0,0,0,0,0,0,1
"213",213,0,1852,3,1,3,3,1,1,0,0,1,0,0,0,0,0,0,0,1
"214",214,0,990,3,1,1,1,0,1,0,0,0,1,0,0,0,0,0,0,1
"215",215,0,1392,3,1,1,2,0,1,0,0,0,1,0,0,0,0,0,0,1
"216",216,0,1236,2,1,1,3,1,1,0,0,1,0,0,0,1,0,0,0,0
"217",217,0,1436,3,0,3,4,0,1,0,0,1,0,0,0,0,0,0,0,1
"218",218,0,1328,3,0,1,4,0,1,0,0,0,1,0,0,0,0,0,0,1
"219",219,0,1954,3,2,1,4,1,1,0,0,1,0,0,0,0,0,0,0,1
"220",220,0,1248,2,0,2,2,0,1,0,0,1,0,0,0,0,0,0,0,1
"221",221,0,1498,2,0,2,2,0,1,0,0,1,0,0,0,0,0,0,0,1
"222",222,0,2267,4,1,2,3,1,1,0,0,1,0,0,0,0,0,0,0,1
"223",223,0,1552,3,1,3,2,1,1,0,0,0,1,0,0,0,0,0,0,1
"224",224,0,864,2,0,1,1,0,1,0,0,0,1,0,0,0,0,0,0,1
"225",225,0,2392,3,0,2,4,1,1,1,0,0,0,0,0,0,0,0,0,1
"226",226,0,1302,3,1,2,2,0,1,0,0,0,1,0,0,0,0,0,0,1
"227",227,0,2520,4,1,2,4,1,1,0,0,1,0,0,0,0,0,0,0,1
"228",228,0,987,2,1,1,2,0,1,0,0,0,1,0,0,0,0,0,0,1
"229",229,0,912,3,0,1,1,1,1,0,0,0,1,0,0,0,0,0,0,1
"230",230,0,1555,2,0,2,4,1,1,0,0,1,0,0,0,0,0,0,0,1
"231",231,0,1194,3,0,2,2,0,1,0,0,0,1,0,0,0,0,0,0,1
"232",232,0,2794,4,1,3,4,1,1,1,0,0,0,0,0,0,0,0,0,1
"233",233,0,987,2,1,1,2,1,1,0,0,0,1,0,0,0,0,0,0,1
"234",234,0,894,3,0,2,1,0,1,0,0,0,1,0,0,0,0,0,0,1
"235",235,0,1960,4,1,3,3,1,1,0,0,1,0,0,0,0,0,0,0,1
"236",236,0,987,2,1,1,2,0,1,0,0,0,1,0,0,0,0,0,0,1
"237",237,0,1414,3,0,2,2,0,1,0,0,1,0,0,0,0,0,0,0,1
"238",238,0,1744,3,1,2,3,0,1,0,0,1,0,0,0,0,0,0,0,1
"239",239,0,1694,3,0,2,3,0,1,0,0,1,0,0,0,0,0,0,0,1
"240",240,0,1487,3,1,1,3,1,1,0,0,0,1,0,0,0,0,0,0,1
"241",241,0,1566,3,0,3,3,0,1,0,0,1,0,0,0,0,0,0,0,1
"242",242,0,866,2,0,1,1,0,1,0,0,1,0,0,0,0,0,0,0,1
"243",243,0,1440,3,0,1,2,0,1,0,0,0,1,0,0,0,0,0,0,1
"244",244,0,1217,3,1,1,2,1,1,0,0,0,1,0,0,0,0,0,0,1
"245",245,0,2110,3,1,3,4,1,1,0,0,1,0,0,0,0,0,0,0,1
"246",246,0,1872,3,1,2,2,1,1,0,0,0,1,0,0,0,0,0,0,1
"247",247,0,1928,4,0,2,3,0,2,0,1,0,0,0,0,0,0,0,0,1
"248",248,0,1375,2,0,1,2,1,1,0,0,0,1,0,0,0,0,0,0,1
"249",249,0,1668,3,1,2,4,0,1,0,0,1,0,0,0,0,0,0,0,1
"250",250,0,2144,4,1,2,2,1,1,0,0,1,0,0,0,0,0,0,0,1
"251",251,0,1306,3,0,1,2,0,1,0,1,0,0,0,0,0,0,1,0,0
"252",252,0,1625,2,1,3,2,1,1,0,0,1,0,0,0,0,0,0,0,1
"253",253,0,1640,3,1,2,2,0,1,0,0,1,0,0,0,0,0,0,0,1
"254",254,0,1302,3,1,2,3,0,1,0,0,1,0,0,0,1,0,0,0,0
"255",255,0,1314,3,0,2,1,0,1,0,0,0,1,0,0,0,0,0,0,1
"256",256,0,2291,4,1,2,3,1,1,0,0,1,0,0,0,0,0,0,0,1
"257",257,0,1728,3,1,2,3,0,1,0,0,1,0,0,0,0,0,0,0,1
"258",258,0,1604,3,1,3,4,1,1,0,0,1,0,0,0,0,0,0,0,1
"259",259,0,1792,3,1,2,3,1,1,0,0,1,0,0,0,0,0,0,0,1
"260",260,0,882,2,0,1,1,0,1,0,0,0,1,0,0,0,0,0,0,1
"261",261,0,1382,3,0,2,2,1,1,0,0,0,1,0,0,0,0,0,0,1
"262",262,0,2574,3,1,2,6,1,1,1,0,0,0,0,0,0,0,0,0,1
"263",263,0,1212,3,0,2,2,1,1,0,0,0,1,0,0,0,0,0,0,1
"264",264,390,1316,3,0,2,2,0,1,0,0,0,1,0,0,0,0,0,0,1
"265",265,0,764,2,0,1,1,0,1,0,0,0,1,0,0,0,0,0,0,1
"266",266,0,1422,3,0,2,3,1,1,0,0,1,0,0,0,0,0,0,0,1
"267",267,0,1511,3,1,3,4,1,1,0,0,0,1,0,0,0,0,0,0,1
"268",268,420,2192,4,1,2,3,1,1,0,0,1,0,0,0,0,0,0,0,1
"269",269,0,778,2,0,1,1,1,1,0,0,0,1,0,0,0,0,0,0,1
"270",270,0,1113,3,1,2,2,1,1,0,0,0,1,0,0,0,0,0,0,1
"271",271,0,1939,3,1,2,4,1,1,0,0,1,0,0,0,0,0,0,0,1
"272",272,0,1363,2,0,2,2,1,1,0,0,0,1,0,0,0,0,1,0,0
"273",273,0,2270,4,1,2,4,1,1,0,0,1,0,0,0,0,0,0,0,1
"274",274,0,1632,3,0,3,2,1,1,0,0,0,1,0,0,1,0,0,0,0
"275",275,0,816,2,0,1,2,0,1,0,0,0,1,0,0,0,0,0,0,1
"276",276,0,1548,3,1,2,1,0,1,1,0,0,0,0,0,0,0,0,0,1
"277",277,0,1560,3,0,2,3,0,1,0,0,1,0,0,0,0,0,0,0,1
"278",278,0,864,2,0,1,1,0,1,0,0,0,1,0,0,0,0,0,0,1
"279",279,0,2121,3,1,2,4,1,1,1,0,0,0,0,0,0,0,0,0,1
"280",280,0,2022,4,1,2,3,1,1,0,0,0,1,0,0,0,0,0,0,1
"281",281,0,1982,3,1,2,3,1,1,0,0,1,0,0,0,0,0,0,0,1
"282",282,0,1262,2,0,2,2,0,1,0,0,1,0,0,0,0,0,0,0,1
"283",283,0,1314,2,0,3,3,1,1,0,0,1,0,0,0,0,0,0,0,1
"284",284,0,1468,3,0,2,2,1,1,0,0,1,0,0,0,0,0,0,0,1
"285",285,0,1575,2,0,3,2,0,1,0,0,1,0,0,0,0,0,0,0,1
"286",286,0,1250,2,1,2,2,0,1,0,0,1,0,0,0,0,0,0,0,1
"287",287,0,1734,3,1,1,3,1,1,0,0,1,0,0,0,0,0,0,0,1
"288",288,0,858,3,0,1,1,0,1,0,0,0,1,0,0,0,0,0,0,1
"289",289,0,900,3,0,1,1,0,1,0,0,0,1,0,0,0,0,0,0,1
"290",290,0,1396,3,0,1,3,0,1,0,0,0,1,0,0,0,0,0,0,1
"291",291,0,1919,3,1,2,4,1,1,0,0,1,0,0,0,0,0,0,0,1
"292",292,0,1716,6,0,3,2,0,1,0,1,0,0,0,0,0,0,0,0,1
"293",293,0,1716,3,1,1,4,1,1,0,0,0,1,0,0,0,1,0,0,0
"294",294,0,2263,3,1,3,5,1,1,0,0,1,0,0,0,0,0,0,0,1
"295",295,0,1644,3,0,2,3,1,1,0,0,0,1,0,0,0,0,0,0,1
"296",296,0,1003,3,0,2,2,0,1,0,0,0,1,0,0,0,0,0,0,1
"297",297,0,1558,4,1,1,1,0,1,0,0,0,1,0,0,0,0,0,0,1
"298",298,0,1950,3,1,2,3,1,1,0,0,1,0,0,0,0,0,0,0,1
"299",299,0,1743,3,3,1,3,1,1,0,0,0,1,0,0,0,0,0,0,1
"300",300,0,1152,3,1,1,2,1,1,0,0,1,0,0,0,0,0,0,0,1
"301",301,0,1336,2,0,2,2,1,1,0,0,0,1,0,0,0,0,0,0,1
"302",302,0,2452,4,1,2,4,1,1,0,0,1,0,0,0,0,0,0,0,1
"303",303,0,1541,3,0,2,2,1,1,0,0,1,0,0,0,0,0,0,0,1
"304",304,0,894,3,0,2,1,0,1,0,0,0,1,0,0,0,0,0,0,1
"305",305,0,3493,3,0,3,6,1,1,0,0,1,0,0,0,0,0,0,0,1
"306",306,0,2000,3,0,3,4,0,1,0,0,1,0,0,0,0,0,0,0,1
"307",307,0,2243,4,1,3,3,1,1,0,0,1,0,0,0,0,0,0,0,1
"308",308,0,1406,3,0,1,2,0,1,0,1,0,0,0,0,0,0,0,0,1
"309",309,0,861,1,0,1,2,0,1,0,0,0,1,0,0,0,0,0,0,1
"310",310,0,1944,3,0,3,4,1,1,1,0,0,0,0,0,0,0,0,0,1
"311",311,0,1501,3,1,2,2,1,1,0,0,1,0,0,0,0,0,0,0,1
"312",312,0,972,2,0,2,2,1,1,0,0,0,1,0,0,0,0,0,0,1
"313",313,0,1118,3,0,2,1,1,1,0,0,0,1,0,0,0,0,0,0,1
"314",314,0,2036,3,0,4,4,1,1,0,0,0,1,0,0,0,0,0,0,1
"315",315,0,1641,3,2,1,2,1,1,1,0,0,0,0,0,0,0,0,0,1
"316",316,0,1432,3,1,3,2,1,1,0,0,1,0,0,0,0,0,0,0,1
"317",317,0,2353,4,1,3,5,1,1,1,0,0,0,0,0,0,0,0,0,1
"318",318,0,1959,3,1,2,4,1,1,0,0,1,0,0,0,0,0,0,0,1
"319",319,0,2646,4,1,3,4,1,1,0,0,1,0,0,0,0,0,0,0,1
"320",320,0,1472,3,0,3,2,1,1,0,0,0,1,0,0,0,0,0,0,1
"321",321,0,2596,4,1,3,4,0,1,0,0,1,0,0,0,0,0,0,0,1
"322",322,0,2468,4,1,3,5,1,1,0,0,1,0,0,0,0,0,0,0,1
"323",323,0,2730,4,1,3,3,1,1,0,0,1,0,0,0,0,0,0,0,1
"324",324,0,1163,3,0,2,2,0,1,0,0,0,1,0,0,0,0,0,0,1
"325",325,0,2978,5,1,2,5,1,1,0,0,1,0,0,0,0,0,0,0,1
"326",326,0,803,2,0,1,2,0,1,0,0,0,1,0,0,0,0,0,0,1
"327",327,0,1719,1,1,3,4,1,1,0,0,1,0,0,0,0,0,0,0,1
"328",328,0,1383,3,1,1,3,0,1,0,0,0,1,0,0,0,0,0,0,1
"329",329,0,2134,5,0,2,4,0,1,0,0,1,0,0,0,0,0,0,0,1
"330",330,0,1192,3,0,1,2,0,1,0,0,0,1,0,0,0,0,0,0,1
"331",331,0,1728,6,1,2,2,0,2,0,0,0,1,0,0,0,0,0,0,1
"332",332,0,1056,3,0,2,2,0,1,0,0,0,1,0,0,0,0,0,0,1
"333",333,0,1629,3,0,3,3,1,1,0,0,1,0,0,0,0,0,0,0,1
"334",334,0,1358,2,0,3,3,1,1,0,0,1,0,0,0,0,0,0,0,1
"335",335,0,1638,3,1,3,3,1,1,0,0,0,1,0,0,0,0,0,0,1
"336",336,0,1786,3,0,4,3,1,1,0,0,0,1,0,0,0,0,0,0,1
"337",337,0,1922,3,0,3,4,1,1,0,0,1,0,0,0,0,0,0,0,1
"338",338,0,1536,3,0,3,3,0,1,0,0,1,0,0,0,0,0,0,0,1
"339",339,0,1621,3,0,3,4,0,1,0,0,1,0,0,0,0,0,0,0,1
"340",340,0,1215,3,0,1,2,0,1,0,0,0,1,0,0,0,0,0,0,1
"341",341,0,1908,4,1,2,4,0,1,0,0,1,0,0,0,0,0,0,0,1
"342",342,0,841,2,0,1,1,0,1,0,0,0,1,0,0,0,0,0,0,1
"343",343,0,1040,2,0,2,2,0,2,0,0,0,1,0,0,0,0,0,0,1
"344",344,0,1684,2,0,2,3,1,1,1,0,0,0,0,0,0,0,0,0,1
"345",345,0,1112,3,1,1,0,0,1,0,0,0,1,0,0,0,0,0,0,1
"346",346,0,1577,3,0,1,2,1,1,0,1,0,0,0,0,0,0,0,0,1
"347",347,0,958,2,0,1,2,0,1,0,0,0,1,0,0,0,0,0,0,1
"348",348,0,1478,3,0,3,2,1,1,0,0,0,1,0,0,0,0,0,0,1
"349",349,0,1626,2,1,3,3,0,1,0,0,1,0,0,0,0,0,0,0,1
"350",350,0,2728,4,1,3,5,1,1,1,0,0,0,0,0,0,0,0,0,1
"351",351,0,1869,2,0,2,3,1,1,1,0,0,0,0,0,0,0,0,0,1
"352",352,0,1453,2,1,2,3,1,1,0,0,1,0,0,0,0,0,0,0,1
"353",353,0,1111,3,1,1,1,0,1,0,0,0,1,0,0,0,0,0,0,1
"354",354,0,720,2,0,1,2,0,1,0,0,0,1,0,0,0,0,0,0,1
"355",355,0,1595,2,0,1,3,1,1,0,0,0,1,0,0,0,0,0,0,1
"356",356,0,1200,3,0,3,2,0,1,0,0,1,0,0,0,0,0,0,0,1
"357",357,0,1167,3,0,3,2,0,1,0,0,1,0,0,0,0,0,0,0,1
"358",358,0,1142,3,1,2,2,1,1,0,0,0,1,0,0,0,0,0,0,1
"359",359,0,1352,3,1,1,2,0,1,0,0,1,0,0,0,0,1,0,0,0
"360",360,0,1924,3,1,3,3,1,1,0,0,1,0,0,0,0,0,0,0,1
"361",361,0,912,2,0,2,2,1,1,0,0,0,1,0,0,0,0,0,0,1
"362",362,0,1505,3,0,2,4,0,1,0,0,0,1,0,0,0,0,0,0,1
"363",363,0,1922,4,0,3,2,1,1,0,0,1,0,0,0,0,0,0,0,1
"364",364,0,987,2,1,1,2,0,1,0,0,1,0,0,0,0,0,0,0,1
"365",365,0,1574,3,1,3,2,1,1,0,0,0,1,0,0,0,0,0,0,1
"366",366,0,1344,3,0,1,2,0,1,0,0,0,1,0,0,0,0,0,0,1
"367",367,0,1394,3,1,2,2,1,1,0,0,0,1,0,0,0,0,0,0,1
"368",368,0,1431,3,1,1,2,1,1,0,0,0,1,0,0,0,0,0,0,1
"369",369,0,1268,2,0,1,4,1,1,0,0,0,1,0,0,0,0,0,0,1
"370",370,0,1287,3,0,2,3,1,1,0,0,1,0,0,0,0,0,0,0,1
"371",371,0,1664,3,1,2,3,1,1,0,0,0,1,0,0,0,0,0,0,1
"372",372,0,1588,4,0,2,2,1,1,0,0,0,1,0,0,0,1,0,0,0
"373",373,0,752,2,0,2,1,0,1,0,0,0,1,0,0,0,0,0,0,1
"374",374,0,1319,3,0,2,1,0,1,0,0,0,1,0,0,0,1,0,0,0
"375",375,0,1928,4,1,2,3,1,1,0,0,1,0,0,0,0,0,0,0,1
"376",376,0,904,1,1,1,2,0,1,0,1,0,0,1,0,0,0,0,0,0
"377",377,0,914,2,0,1,2,0,1,0,0,0,1,0,0,0,0,0,0,1
"378",378,0,2466,4,0,3,3,1,1,0,0,1,0,0,0,0,0,0,0,1
"379",379,0,1856,1,1,2,6,1,1,1,0,0,0,0,0,0,0,0,0,1
"380",380,0,1800,3,1,2,3,1,1,0,0,0,1,0,0,0,0,0,0,1
"381",381,0,1691,3,0,2,2,1,1,0,0,1,0,0,0,0,0,0,0,1
"382",382,0,1301,2,0,3,2,1,1,0,0,1,0,0,0,0,0,0,0,1
"383",383,0,1797,3,1,2,4,0,1,0,0,1,0,0,0,0,0,0,0,1
"384",384,0,784,2,0,1,2,0,1,0,0,0,1,0,0,0,0,0,0,1
"385",385,0,1953,3,1,3,5,1,1,0,0,1,0,0,0,0,0,0,0,1
"386",386,0,1269,2,0,2,3,1,1,0,0,1,0,0,0,0,0,0,0,1
"387",387,0,1184,5,0,1,2,0,1,0,0,0,1,0,0,0,0,0,0,1
"388",388,0,1125,3,0,2,2,1,1,0,0,0,1,0,0,0,0,0,0,1
"389",389,0,1479,3,0,2,2,0,1,0,0,1,0,0,0,0,0,0,0,1
"390",390,0,2332,3,1,3,5,1,1,1,0,0,0,0,0,0,0,0,0,1
"391",391,0,1367,4,0,2,2,0,1,0,0,0,1,0,0,0,0,0,0,1
"392",392,0,1961,3,1,3,3,1,1,0,0,1,0,0,0,0,0,0,0,1
"393",393,0,882,3,0,1,1,0,1,0,0,0,1,0,0,0,0,0,0,1
"394",394,0,788,2,0,1,1,1,1,0,0,0,1,0,0,0,0,0,0,1
"395",395,0,1034,2,0,1,2,0,1,0,0,0,1,0,0,0,0,0,0,1
"396",396,0,1144,3,0,2,2,0,1,0,0,0,1,0,0,0,0,0,0,1
"397",397,0,894,2,0,1,3,0,1,0,0,0,1,0,0,0,0,0,0,1
"398",398,0,1812,4,0,2,3,1,1,0,0,0,1,0,0,0,0,0,0,1
"399",399,0,1077,2,0,1,3,0,1,0,0,0,1,0,1,0,0,0,0,0
"400",400,0,1550,2,0,3,4,0,1,0,0,1,0,0,0,0,0,0,0,1
"401",401,0,1288,1,1,2,2,1,1,1,0,0,0,0,0,0,0,0,0,1
"402",402,0,1310,3,0,2,2,1,1,0,0,1,0,0,0,0,0,0,0,1
"403",403,0,672,2,0,1,1,0,1,0,0,0,1,0,0,0,0,0,0,1
"404",404,0,2263,4,1,2,5,1,1,0,0,1,0,0,0,0,0,0,0,1
"405",405,0,1572,3,1,2,3,1,1,0,0,0,1,0,0,0,0,0,0,1
"406",406,0,1620,3,0,3,4,1,1,0,0,0,1,0,0,1,0,0,0,0
"407",407,473,1639,3,0,1,2,0,1,0,0,0,1,0,1,0,0,0,0,0
"408",408,0,1680,4,0,2,3,0,1,0,0,0,1,0,0,0,0,0,0,1
"409",409,0,2172,3,1,2,5,1,1,0,0,1,0,0,0,0,0,0,0,1
"410",410,0,2078,3,1,3,4,1,1,1,0,0,0,0,0,0,0,0,0,1
"411",411,0,1276,3,0,1,1,0,1,0,0,0,1,0,0,0,0,1,0,0
"412",412,0,1056,3,0,2,1,0,1,0,0,0,1,0,0,0,0,0,0,1
"413",413,0,1478,2,1,3,4,1,1,0,0,1,0,0,0,0,0,0,0,1
"414",414,0,1028,2,0,1,2,1,1,0,0,0,1,0,0,0,0,0,0,1
"415",415,0,2097,3,2,2,5,1,1,0,0,1,0,0,0,0,0,0,0,1
"416",416,0,1340,3,0,2,2,0,1,0,0,1,0,0,0,0,0,0,0,1
"417",417,0,1400,3,1,1,2,1,1,0,0,0,1,0,0,0,0,0,0,1
"418",418,0,2624,4,1,3,5,1,1,0,0,0,1,0,0,0,0,0,0,1
"419",419,0,1134,3,1,2,3,0,1,0,0,0,1,0,0,0,0,0,0,1
"420",420,0,1056,3,0,2,2,1,1,0,0,0,1,0,0,0,0,0,0,1
"421",421,0,1344,2,0,4,4,0,2,0,0,0,1,0,0,0,0,0,0,1
"422",422,0,1602,3,1,2,4,1,1,0,0,1,0,0,0,0,0,0,0,1
"423",423,0,988,2,0,1,1,0,1,0,0,0,1,0,0,0,0,0,0,1
"424",424,0,2630,4,1,3,3,1,1,0,0,1,0,0,0,0,0,0,0,1
"425",425,0,1196,2,0,2,3,1,1,0,0,0,1,0,0,0,0,0,0,1
"426",426,0,1389,3,1,1,2,1,1,0,0,0,1,0,0,0,0,0,0,1
"427",427,0,1644,2,1,3,2,1,1,0,0,1,0,0,0,0,0,0,0,1
"428",428,0,907,3,0,1,1,0,1,0,0,0,1,0,0,0,0,0,0,1
"429",429,0,1208,2,0,3,3,0,1,0,0,1,0,0,0,0,0,0,0,1
"430",430,0,1412,3,0,3,2,1,1,0,0,1,0,0,0,0,0,0,0,1
"431",431,0,987,2,1,1,1,0,1,0,0,0,1,0,0,0,0,0,0,1
"432",432,0,1198,4,0,1,2,0,1,0,0,0,1,0,0,0,0,0,0,1
"433",433,0,1365,2,1,2,3,0,1,0,0,0,1,0,0,1,0,0,0,0
"434",434,0,1604,3,1,2,3,1,1,0,0,0,1,0,0,0,0,0,0,1
"435",435,0,630,1,0,2,1,0,1,0,0,0,1,0,0,0,0,0,0,1
"436",436,0,1661,3,1,3,2,1,1,0,0,1,0,0,0,0,0,0,0,1
"437",437,0,1118,2,0,1,3,0,1,0,0,0,1,0,0,0,0,0,0,1
"438",438,0,904,2,0,1,1,0,1,0,0,0,1,0,0,0,0,0,0,1
"439",439,0,694,2,0,1,1,1,1,0,0,1,0,0,0,0,0,0,0,1
"440",440,0,1196,3,0,1,3,0,1,0,0,1,0,0,0,0,0,0,0,1
"441",441,0,2402,2,0,3,7,1,1,1,0,0,0,0,0,0,0,0,0,1
"442",442,0,1440,4,0,2,2,0,2,0,1,0,0,0,0,0,0,0,0,1
"443",443,0,1573,3,0,2,4,1,1,0,0,0,1,0,0,0,0,0,0,1
"444",444,0,1258,2,0,2,3,1,1,0,0,1,0,0,0,0,0,0,0,1
"445",445,0,1908,4,1,3,3,1,1,0,0,1,0,0,0,0,0,0,0,1
"446",446,0,1689,3,0,1,3,1,1,0,0,0,1,0,0,0,0,0,0,1
"447",447,0,1888,2,1,2,3,1,1,0,0,1,0,0,0,0,0,1,0,0
"448",448,0,1886,4,1,2,5,1,1,0,0,1,0,0,0,0,0,0,0,1
"449",449,0,1376,3,0,2,3,1,1,0,0,0,1,0,0,0,0,0,0,1
"450",450,0,1183,2,1,1,3,0,1,0,0,0,1,0,0,0,0,0,0,1
"451",451,0,813,2,0,1,2,0,1,0,0,1,0,0,0,0,0,0,0,1
"452",452,0,1533,2,0,3,2,1,1,0,0,1,0,0,0,0,0,0,0,1
"453",453,0,1756,3,1,3,3,0,1,0,0,0,1,0,0,0,0,0,0,1
"454",454,0,1590,3,1,2,2,0,1,0,0,1,0,0,0,0,0,0,0,1
"455",455,0,1728,4,0,4,2,0,2,0,0,0,1,0,0,0,0,0,0,1
"456",456,0,1242,3,1,1,2,1,1,0,0,0,1,0,0,0,0,0,0,1
"457",457,0,1344,4,0,1,2,0,1,0,0,0,1,0,0,0,0,0,0,1
"458",458,0,1663,2,0,2,3,1,1,0,0,1,0,0,0,1,0,0,0,0
"459",459,0,1666,3,0,1,3,1,1,0,0,1,0,0,0,0,0,0,0,1
"460",460,0,1203,3,0,2,1,1,1,0,0,1,0,0,0,0,0,0,0,1
"461",461,0,1935,3,1,3,4,0,1,0,0,0,1,0,0,0,0,0,0,1
"462",462,0,1135,3,0,2,2,0,1,0,0,1,0,0,0,0,0,0,0,1
"463",463,0,864,3,0,1,1,1,1,0,0,0,1,0,0,0,0,0,0,1
"464",464,0,1660,3,1,1,2,1,1,0,0,0,1,0,0,0,0,0,0,1
"465",465,0,1040,3,0,2,1,0,1,0,0,0,1,0,0,0,0,0,0,1
"466",466,0,1414,2,0,2,3,1,1,0,0,1,0,0,0,0,0,0,0,1
"467",467,0,1277,2,0,2,2,1,1,0,0,0,1,0,0,0,0,0,0,1
"468",468,0,1644,3,1,1,3,1,1,0,0,1,0,0,0,0,0,0,0,1
"469",469,0,1634,3,0,2,3,1,1,0,0,1,0,0,0,0,0,0,0,1
"470",470,0,1710,3,1,2,3,0,1,0,0,1,0,0,0,0,0,0,0,1
"471",471,0,1502,1,1,2,2,0,1,0,0,1,0,0,0,0,0,0,0,1
"472",472,0,1969,3,1,2,4,1,1,0,0,0,1,0,0,0,0,0,0,1
"473",473,0,1072,2,0,2,2,0,1,0,0,0,1,0,0,0,0,0,0,1
"474",474,0,1976,2,0,3,4,1,1,0,0,1,0,0,0,0,0,0,0,1
"475",475,0,1652,2,0,3,3,0,1,1,0,0,0,0,0,0,0,0,0,1
"476",476,0,970,2,0,2,2,0,1,0,0,0,1,0,0,0,0,0,0,1
"477",477,0,1493,3,0,3,3,1,1,0,0,1,0,0,0,0,0,0,0,1
"478",478,0,2643,3,1,2,5,1,1,1,0,0,0,0,0,0,0,0,0,1
"479",479,0,1718,3,0,3,3,1,1,0,0,1,0,0,0,0,0,0,0,1
"480",480,0,1131,2,0,1,4,0,1,0,0,0,1,0,0,0,0,0,0,1
"481",481,0,1850,3,0,3,4,1,1,0,0,1,0,0,0,0,0,0,0,1
"482",482,0,1792,2,0,3,3,1,1,1,0,0,0,0,0,0,0,0,0,1
"483",483,0,1826,4,1,2,2,1,1,1,0,0,0,0,0,0,1,0,0,0
"484",484,0,1216,2,0,3,2,0,1,0,0,0,1,0,0,0,0,0,0,1
"485",485,0,999,3,0,2,2,0,1,0,0,1,0,0,0,0,0,0,0,1
"486",486,0,1113,3,0,1,1,1,1,0,0,1,0,0,0,0,0,0,0,1
"487",487,0,1073,3,1,2,2,0,1,0,0,0,1,0,0,0,0,0,0,1
"488",488,0,1484,3,0,2,3,1,1,0,0,0,1,0,0,0,0,0,0,1
"489",489,0,2414,3,0,2,5,1,2,0,0,0,1,0,0,0,0,1,0,0
"490",490,0,630,1,0,2,1,0,1,0,0,1,0,0,0,0,0,0,0,1
"491",491,0,1304,3,1,1,0,1,1,0,0,0,1,0,0,0,0,0,0,1
"492",492,0,1578,3,0,2,1,1,1,0,1,0,0,0,0,0,0,0,0,1
"493",493,0,1456,3,1,2,4,0,1,0,0,0,1,0,0,0,0,0,0,1
"494",494,0,1269,3,1,1,2,1,1,0,0,0,1,0,0,0,0,0,0,1
"495",495,0,886,2,0,1,1,0,1,0,0,0,1,0,0,0,0,0,0,1
"496",496,0,720,2,0,1,1,0,1,0,0,0,1,0,0,0,0,0,0,1
"497",497,0,3228,4,0,4,5,1,1,0,0,1,0,0,0,0,0,0,0,1
"498",498,0,1820,4,0,3,3,0,1,0,0,0,1,0,0,0,0,0,0,1
"499",499,0,899,3,0,1,1,0,1,0,0,1,0,0,0,0,0,0,0,1
"500",500,0,912,2,1,1,2,0,1,0,0,0,1,0,0,0,0,0,0,1
"501",501,0,1218,3,1,1,3,0,1,0,0,0,1,0,0,0,0,0,0,1
"502",502,0,1768,3,1,2,3,0,1,0,0,1,0,0,0,0,0,0,0,1
"503",503,0,1214,2,0,2,3,0,1,0,0,0,1,0,0,0,0,0,0,1
"504",504,0,1801,1,0,3,4,1,1,0,0,0,1,0,0,0,0,0,0,1
"505",505,0,1322,3,2,2,2,1,1,0,0,0,1,0,0,0,0,0,0,1
"506",506,0,1960,4,0,2,4,0,2,0,0,0,1,0,0,0,0,0,0,1
"507",507,0,1911,3,1,2,4,1,1,0,0,1,0,0,0,0,0,0,0,1
"508",508,0,1218,2,0,2,1,0,1,0,0,1,0,0,0,0,0,0,0,1
"509",509,0,1378,3,0,2,3,1,1,0,0,1,0,0,0,0,0,0,0,1
"510",510,0,1041,3,0,2,2,0,1,0,0,0,1,0,0,0,0,0,0,1
"511",511,0,1363,2,0,2,3,1,1,0,0,0,1,0,0,1,0,0,0,0
"512",512,0,1368,2,0,2,3,1,1,0,0,1,0,0,0,0,0,0,0,1
"513",513,0,864,3,0,2,1,0,1,0,0,0,1,0,0,0,0,0,0,1
"514",514,0,1080,3,1,1,1,0,1,0,0,0,1,0,0,0,0,0,0,1
"515",515,0,789,2,0,1,2,0,1,0,0,0,1,0,0,0,0,0,0,1
"516",516,0,2020,3,1,3,5,1,1,1,0,0,0,0,0,0,0,0,0,1
"517",517,0,2119,3,1,2,3,1,1,0,0,0,1,0,0,0,0,0,0,1
"518",518,0,2344,3,1,2,3,1,1,0,0,1,0,0,0,0,0,0,0,1
"519",519,0,1796,3,1,3,3,0,1,0,0,0,1,0,0,0,0,0,0,1
"520",520,0,2080,3,1,1,5,1,1,0,0,1,0,0,0,0,0,0,0,1
"521",521,0,1294,3,0,2,2,0,2,0,0,0,1,0,0,0,0,0,0,1
"522",522,0,1244,3,1,1,2,1,1,0,0,0,1,0,0,0,0,0,0,1
"523",523,0,1664,3,0,2,3,1,1,0,0,0,1,0,0,0,0,0,0,1
"524",524,0,4676,3,1,4,7,1,1,1,0,0,0,0,0,0,0,0,0,1
"525",525,0,2398,3,1,3,4,1,1,0,0,1,0,0,0,0,0,0,0,1
"526",526,0,1266,3,0,2,2,1,1,0,0,1,0,0,0,0,0,0,0,1
"527",527,0,928,2,0,1,1,0,1,0,0,0,1,0,0,0,0,0,0,1
"528",528,0,2713,3,1,3,7,1,1,1,0,0,0,0,0,0,0,0,0,1
"529",529,0,605,2,0,2,2,0,1,0,0,0,1,0,0,0,0,0,0,1
"530",530,0,2515,4,0,4,3,1,2,0,0,0,1,1,0,0,0,0,0,0
"531",531,0,1509,3,0,3,1,1,1,0,0,1,0,0,0,0,0,0,0,1
"532",532,0,1362,3,0,2,2,0,1,0,0,0,1,0,0,0,0,0,0,1
"533",533,0,827,2,0,1,2,1,1,0,0,0,1,0,0,0,0,1,0,0
"534",534,0,334,1,0,1,0,0,1,0,1,0,0,0,0,0,0,0,0,1
"535",535,0,1414,3,1,2,2,1,1,0,0,1,0,0,0,0,0,0,0,1
"536",536,0,1347,3,0,2,1,0,1,0,0,0,1,0,0,0,0,0,0,1
"537",537,0,1724,3,1,2,4,0,1,0,0,1,0,0,0,0,0,0,0,1
"538",538,0,864,3,0,1,1,0,1,0,0,0,1,0,0,0,0,0,0,1
"539",539,0,1159,3,1,1,3,1,1,0,0,0,1,0,0,0,0,0,0,1
"540",540,0,1601,3,0,3,2,1,1,0,0,1,0,0,0,0,0,0,0,1
"541",541,0,1838,2,0,3,5,1,1,1,0,0,0,0,0,0,0,0,0,1
"542",542,0,2285,4,1,2,3,1,1,0,0,1,0,0,0,0,0,0,0,1
"543",543,0,1680,3,0,3,3,1,1,0,0,1,0,1,0,0,0,0,0,0
"544",544,0,767,1,0,2,2,0,1,0,0,0,1,0,0,0,0,0,0,1
"545",545,0,1496,3,1,3,3,1,1,0,0,1,0,0,0,0,0,0,0,1
"546",546,0,2183,4,1,2,4,0,1,0,0,1,0,0,0,0,0,0,0,1
"547",547,0,1635,3,1,1,2,1,1,0,0,0,1,0,0,0,0,0,0,1
"548",548,0,768,2,0,2,2,0,1,0,0,0,1,0,0,0,0,0,0,1
"549",549,0,825,2,0,2,1,0,1,0,0,0,1,0,0,0,0,0,0,1
"550",550,0,2094,4,1,2,3,1,1,0,0,1,0,0,0,0,0,0,0,1
"551",551,0,1069,2,0,2,1,0,1,0,0,0,1,0,0,0,0,0,0,1
"552",552,0,928,3,0,1,1,0,1,0,0,0,1,0,0,0,0,0,0,1
"553",553,0,1717,3,0,2,3,1,1,0,0,1,0,0,0,0,0,0,0,1
"554",554,0,1126,2,0,2,2,0,1,0,0,1,0,0,0,0,0,0,0,1
"555",555,0,2046,3,1,3,4,1,1,0,0,1,0,0,0,0,0,0,0,1
"556",556,0,1048,2,0,1,2,1,1,0,0,0,1,0,0,0,0,0,0,1
"557",557,0,1092,2,0,2,3,1,1,0,0,0,1,0,0,0,0,0,0,1
"558",558,0,1336,3,1,1,3,0,1,0,0,0,1,0,0,0,0,0,0,1
"559",559,0,1446,3,2,2,2,1,1,0,0,0,1,0,0,0,0,0,0,1
"560",560,0,1557,2,0,2,4,1,1,0,0,1,0,0,0,0,0,0,0,1
"561",561,0,1392,3,1,2,1,1,1,0,0,0,1,0,0,0,0,1,0,0
"562",562,0,1389,2,0,2,3,1,1,0,0,0,1,0,0,0,0,0,0,1
"563",563,0,996,3,0,2,2,1,1,0,0,0,1,0,0,0,0,0,0,1
"564",564,0,1674,4,0,2,3,1,1,0,0,0,1,0,0,0,0,0,0,1
"565",565,0,2295,4,1,3,4,1,1,0,0,1,0,0,0,0,0,0,0,1
"566",566,0,1647,4,1,2,1,0,1,0,1,0,0,0,0,0,0,0,0,1
"567",567,0,2504,4,1,2,6,1,1,1,0,0,0,0,0,0,0,0,0,1
"568",568,0,1535,3,0,2,3,0,1,0,0,1,0,0,0,0,0,0,0,1
"569",569,0,2132,1,1,2,3,1,1,0,0,1,0,0,0,0,1,0,0,0
"570",570,0,943,2,0,2,1,1,1,0,0,0,1,0,0,0,0,0,0,1
"571",571,0,1728,6,0,2,2,0,2,0,0,0,1,0,0,0,0,0,0,1
"572",572,0,864,2,0,2,1,0,1,0,0,1,0,0,0,0,0,0,0,1
"573",573,0,1692,3,1,2,2,0,1,0,0,1,0,0,0,0,0,0,0,1
"574",574,0,1430,3,1,2,4,1,1,0,0,0,1,0,0,0,0,0,0,1
"575",575,0,1109,3,1,1,1,0,1,0,0,0,1,0,0,0,0,0,0,1
"576",576,0,1216,2,0,1,3,0,1,0,0,0,1,0,0,0,0,0,0,1
"577",577,0,1477,3,1,2,2,1,1,0,0,0,1,0,0,0,0,0,0,1
"578",578,0,1320,3,0,2,2,1,1,0,0,0,1,0,0,0,0,0,0,1
"579",579,0,1392,2,0,2,2,0,1,0,0,1,0,0,0,0,0,0,0,1
"580",580,0,1795,4,0,2,2,0,1,0,0,0,1,0,0,0,0,0,0,1
"581",581,0,1429,3,1,1,3,1,1,0,0,1,0,0,0,0,0,0,0,1
"582",582,0,2042,3,1,2,4,1,1,1,0,0,0,0,0,0,0,0,0,1
"583",583,0,816,3,0,2,1,0,1,0,0,0,1,0,0,0,0,0,0,1
"584",584,0,2775,3,1,3,5,1,1,0,0,1,0,0,0,0,0,0,0,1
"585",585,0,1573,3,0,1,2,0,1,0,0,1,0,0,0,0,0,0,0,1
"586",586,0,2028,2,0,3,4,1,1,0,0,1,0,0,0,0,0,0,0,1
"587",587,0,838,2,0,2,2,0,1,0,1,0,0,0,0,0,0,0,0,1
"588",588,0,860,2,0,2,1,0,1,0,0,0,1,0,0,0,0,0,0,1
"589",589,0,1473,1,0,3,3,1,1,1,0,0,0,0,0,0,0,0,0,1
"590",590,156,935,2,0,1,1,0,1,0,0,0,1,0,0,0,0,0,0,1
"591",591,0,1582,3,1,2,2,0,1,0,0,1,0,0,0,0,0,0,0,1
"592",592,0,2296,3,1,3,6,1,1,1,0,0,0,0,0,0,0,0,0,1
"593",593,0,816,2,0,2,1,0,1,0,0,0,1,0,0,0,0,0,0,1
"594",594,0,848,1,0,2,2,0,1,0,0,1,0,0,0,0,0,0,0,1
"595",595,0,924,3,0,1,1,0,1,0,0,0,1,0,0,0,0,0,0,1
"596",596,0,1826,3,0,3,3,1,1,0,0,1,0,0,0,0,0,0,0,1
"597",597,0,1368,3,0,1,3,0,1,0,0,0,1,0,0,0,0,0,0,1
"598",598,0,1402,2,4,0,4,1,1,0,0,1,0,0,0,0,0,0,0,1
"599",599,0,1647,3,0,3,3,1,1,0,0,1,0,0,0,0,0,0,0,1
"600",600,0,1556,3,1,3,2,1,1,0,0,0,1,0,0,0,0,0,0,1
"601",601,0,1904,3,1,3,4,1,1,1,0,0,0,0,0,0,0,0,0,1
"602",602,0,1375,3,1,1,2,1,1,0,0,1,0,0,0,0,0,0,0,1
"603",603,0,1915,3,1,3,4,1,1,0,0,1,0,0,0,0,0,0,0,1
"604",604,0,1200,2,1,2,1,0,1,0,0,1,0,0,0,0,0,0,0,1
"605",605,0,1494,3,0,3,2,1,1,0,0,1,0,0,0,0,0,0,0,1
"606",606,0,1986,3,1,2,3,1,1,0,0,0,1,0,0,0,0,0,0,1
"607",607,0,1040,3,0,2,2,0,1,0,0,1,0,0,0,0,0,0,0,1
"608",608,0,2008,3,0,4,4,0,1,1,0,0,0,0,0,0,0,0,0,1
"609",609,0,3194,4,1,2,5,1,1,0,0,0,1,0,0,0,0,0,0,1
"610",610,0,1029,3,0,2,1,0,1,0,0,0,1,0,0,0,0,0,0,1
"611",611,0,2153,3,1,3,4,1,1,1,0,0,0,0,0,0,0,0,0,1
"612",612,0,1032,3,1,2,2,1,1,0,0,0,1,0,0,0,0,0,0,1
"613",613,0,1872,3,1,3,3,1,1,1,0,0,0,0,0,0,0,0,0,1
"614",614,0,1120,3,0,1,2,0,1,0,0,0,1,0,0,0,0,0,0,1
"615",615,0,630,1,0,2,1,0,1,0,0,0,1,0,0,0,0,0,0,1
"616",616,0,1054,3,0,2,2,0,1,0,0,1,0,0,0,0,0,0,0,1
"617",617,0,1509,3,1,3,3,1,1,0,0,1,0,0,0,0,0,0,0,1
"618",618,0,832,2,0,1,1,0,1,0,0,1,0,0,0,0,0,0,0,1
"619",619,0,1828,3,0,2,5,1,1,0,0,1,0,0,0,0,0,0,0,1
"620",620,0,2262,4,1,3,5,1,1,0,0,1,0,0,0,0,0,0,0,1
"621",621,0,864,2,0,2,2,0,1,0,0,0,1,0,0,0,0,0,0,1
"622",622,0,2614,4,1,2,4,1,1,0,0,0,1,0,0,0,0,0,0,1
"623",623,0,980,3,0,1,2,0,1,0,0,0,1,0,0,0,0,0,0,1
"624",624,0,1512,2,1,2,1,1,1,0,0,1,0,0,0,0,0,0,0,1
"625",625,0,1790,4,2,2,3,1,1,0,0,0,1,0,0,0,1,0,0,0
"626",626,0,1116,3,1,1,1,0,1,0,0,0,1,0,0,0,0,0,0,1
"627",627,0,1422,3,0,1,2,1,1,0,0,0,1,0,0,1,0,0,0,0
"628",628,0,1520,3,0,2,3,1,1,0,0,0,1,0,0,0,0,0,0,1
"629",629,0,2080,5,3,1,3,1,1,0,1,0,0,0,0,0,0,0,0,1
"630",630,0,1350,3,1,2,2,0,1,0,0,0,1,0,0,0,0,0,0,1
"631",631,0,1750,3,0,1,4,0,1,1,0,0,0,0,0,0,0,0,0,1
"632",632,0,1554,2,0,2,3,1,1,0,0,1,0,0,0,0,0,0,0,1
"633",633,0,1411,3,0,2,2,1,1,0,0,0,1,0,0,0,0,0,0,1
"634",634,0,1056,3,1,1,2,0,1,0,0,0,1,0,0,0,0,0,0,1
"635",635,0,1056,0,0,2,2,0,2,0,0,0,1,0,0,0,0,0,0,1
"636",636,515,3395,8,0,2,4,0,2,0,1,0,0,0,0,0,0,0,0,1
"637",637,0,800,1,0,1,2,1,1,0,1,0,0,1,0,0,0,0,0,0
"638",638,0,1387,3,0,2,2,0,2,0,0,1,0,0,0,0,0,0,0,1
"639",639,0,796,2,0,1,1,0,1,0,0,0,1,0,0,0,0,0,0,1
"640",640,0,1567,1,0,3,5,1,1,1,0,0,0,0,0,0,0,0,0,1
"641",641,0,1518,1,1,1,4,1,1,1,0,0,0,0,0,0,0,0,0,1
"642",642,0,1929,3,1,3,3,1,1,0,0,1,0,0,0,0,0,0,0,1
"643",643,0,2704,4,1,3,4,1,1,1,0,0,0,0,0,0,0,0,0,1
"644",644,0,1620,4,1,2,2,0,1,0,0,0,1,0,0,1,0,0,0,0
"645",645,0,1766,2,1,3,4,1,1,1,0,0,0,0,0,0,0,0,0,1
"646",646,0,981,3,1,2,1,0,1,0,0,0,1,0,0,0,0,0,0,1
"647",647,0,1048,3,0,1,3,0,1,0,0,0,1,0,0,1,0,0,0,0
"648",648,0,1094,3,0,1,1,1,1,0,0,0,1,0,0,0,0,0,0,1
"649",649,0,1839,4,1,1,2,1,1,0,0,0,1,0,0,0,0,0,0,1
"650",650,0,630,1,0,2,1,0,1,0,0,0,1,0,0,0,0,0,0,1
"651",651,0,1665,3,1,2,3,0,1,0,0,1,0,0,0,0,0,0,0,1
"652",652,0,1510,4,0,2,2,1,1,0,0,0,1,0,0,0,0,0,0,1
"653",653,0,1716,2,1,2,4,1,1,0,0,1,0,0,0,0,0,0,0,1
"654",654,0,1469,3,0,1,3,0,1,0,0,0,1,0,0,0,0,0,0,1
"655",655,0,2113,2,1,3,4,1,1,0,0,1,0,0,0,0,0,0,0,1
"656",656,0,1092,3,1,1,2,0,1,0,0,0,1,0,0,0,0,0,0,1
"657",657,0,1053,3,1,2,1,0,1,0,0,1,0,0,0,0,0,0,0,1
"658",658,0,1502,3,1,1,2,1,1,0,0,0,1,0,0,0,0,0,0,1
"659",659,0,1458,3,1,1,2,1,1,0,0,0,1,0,0,0,0,0,0,1
"660",660,0,1486,3,0,2,3,0,1,0,0,0,1,0,0,0,0,0,0,1
"661",661,0,1935,3,1,2,3,1,1,0,0,0,1,0,0,0,0,0,0,1
"662",662,0,2448,4,1,3,3,1,1,0,0,1,0,0,0,0,0,0,0,1
"663",663,0,1392,2,0,2,2,1,1,0,0,0,1,0,1,0,0,0,0,0
"664",664,0,1181,3,0,3,2,0,1,0,0,0,1,0,0,0,0,0,0,1
"665",665,0,2097,1,1,2,6,1,1,1,0,0,0,0,0,0,0,0,0,1
"666",666,0,1936,3,1,2,3,1,1,0,0,1,0,0,0,0,0,0,0,1
"667",667,0,2380,3,1,2,3,1,1,0,0,0,1,0,0,0,0,0,1,0
"668",668,0,1679,3,0,3,3,1,1,0,0,1,0,0,0,0,0,0,0,1
"669",669,0,1437,3,1,2,2,1,1,0,0,0,1,0,0,0,1,0,0,0
"670",670,0,1180,2,0,1,2,1,1,0,1,0,0,0,0,0,0,0,0,1
"671",671,0,1476,3,1,3,3,0,1,0,0,1,0,0,0,0,0,0,0,1
"672",672,0,1369,3,0,3,2,0,1,0,0,0,1,0,0,0,0,0,0,1
"673",673,0,1208,3,1,2,2,1,1,0,0,0,1,0,0,0,0,0,0,1
"674",674,0,1839,3,0,3,3,1,1,0,0,1,0,0,0,0,0,0,0,1
"675",675,0,1136,3,0,2,1,1,1,0,0,0,1,0,0,0,0,0,0,1
"676",676,0,1441,3,1,2,3,1,1,0,0,0,1,0,0,0,0,0,0,1
"677",677,0,1774,4,0,3,2,0,2,0,0,0,1,0,0,0,1,0,0,0
"678",678,0,792,2,0,1,2,0,1,0,0,1,0,0,0,0,0,0,0,1
"679",679,0,2046,3,1,2,3,1,1,0,0,1,0,0,0,0,0,0,0,1
"680",680,0,988,3,0,2,1,0,1,0,0,0,1,0,0,0,0,0,0,1
"681",681,0,923,2,0,2,2,1,1,0,0,0,1,0,0,0,0,0,0,1
"682",682,0,1520,3,0,1,2,0,1,0,0,0,1,0,0,0,0,0,0,1
"683",683,0,1291,2,0,2,3,1,1,0,0,1,0,0,0,0,0,0,0,1
"684",684,0,1668,3,0,3,3,1,1,0,0,1,0,0,0,0,0,0,0,1
"685",685,0,1839,4,1,2,2,0,1,0,0,0,1,0,0,0,0,0,0,1
"686",686,0,2090,3,0,3,2,1,1,0,0,1,0,0,0,1,0,0,0,0
"687",687,0,1761,3,0,3,3,0,1,0,0,1,0,0,0,0,0,0,0,1
"688",688,0,1102,2,1,2,1,0,1,0,0,1,0,0,0,0,0,0,0,1
"689",689,0,1419,2,0,3,4,1,1,0,0,1,0,0,0,0,0,0,0,1
"690",690,0,1362,2,0,2,3,1,1,0,0,1,0,0,0,0,0,0,0,1
"691",691,0,848,1,0,2,1,1,1,0,0,1,0,0,0,0,0,0,0,1
"692",692,0,4316,4,2,3,5,1,1,1,0,0,0,0,0,0,0,0,0,1
"693",693,0,2519,4,1,3,4,1,1,0,0,1,0,0,0,0,0,0,0,1
"694",694,0,1073,2,0,1,1,0,1,0,0,0,1,0,0,0,0,0,0,1
"695",695,0,1539,3,1,1,1,0,1,0,0,0,1,0,0,0,0,0,0,1
"696",696,0,1137,2,0,3,2,1,1,0,0,1,0,0,0,0,0,0,0,1
"697",697,0,616,2,0,1,1,0,1,0,0,0,1,0,0,0,0,0,0,1
"698",698,0,1148,2,1,1,3,0,1,0,0,0,1,0,0,0,0,0,0,1
"699",699,0,894,3,0,2,1,1,1,0,0,0,1,0,0,0,0,0,0,1
"700",700,0,1391,2,0,2,2,0,1,0,0,1,0,0,0,0,0,0,0,1
"701",701,0,1800,3,0,3,3,1,1,0,0,1,0,0,0,0,0,0,0,1
"702",702,0,1164,3,1,1,2,0,1,0,0,0,1,0,0,0,0,0,0,1
"703",703,0,2576,4,1,2,5,1,1,1,0,0,0,0,0,0,0,0,0,1
"704",704,0,1812,4,0,2,2,1,2,0,0,1,0,0,0,0,0,0,0,1
"705",705,0,1484,3,0,3,3,0,1,0,0,1,0,0,0,0,0,0,0,1
"706",706,0,1092,3,0,2,2,0,2,0,1,0,0,0,0,0,0,1,0,0
"707",707,0,1824,2,0,3,2,1,1,0,0,1,0,0,0,0,0,0,0,1
"708",708,0,1324,2,0,3,3,1,1,0,0,1,0,0,0,0,0,0,0,1
"709",709,0,1456,3,1,2,4,1,1,0,0,1,0,0,0,0,0,0,0,1
"710",710,0,904,3,0,1,2,0,1,0,0,0,1,0,0,0,0,0,0,1
"711",711,0,729,2,0,1,2,0,1,0,0,0,1,0,1,0,0,0,0,0
"712",712,0,1178,2,0,1,4,0,1,0,0,0,1,0,0,0,0,0,0,1
"713",713,0,1228,2,0,3,2,1,1,0,0,1,0,0,0,0,0,0,0,1
"714",714,0,960,3,0,2,2,0,1,0,0,0,1,0,0,0,0,0,0,1
"715",715,0,1479,3,1,2,2,0,1,0,0,1,0,0,0,0,0,0,0,1
"716",716,0,1350,3,0,2,3,1,1,0,0,0,1,0,0,0,0,0,0,1
"717",717,0,2554,3,1,1,4,0,1,0,0,0,1,0,0,0,0,0,0,1
"718",718,0,1178,3,2,1,1,1,1,0,0,1,0,0,0,0,0,0,0,1
"719",719,0,2418,3,1,3,5,1,1,0,0,1,0,0,0,0,0,0,0,1
"720",720,0,971,3,1,1,1,1,1,0,0,0,1,0,0,0,0,0,0,1
"721",721,0,1742,2,0,3,2,1,1,0,0,1,0,0,0,0,0,0,0,1
"722",722,0,848,1,0,2,1,0,1,0,0,1,0,0,0,0,0,0,0,1
"723",723,0,864,3,0,1,1,0,1,0,0,0,1,0,0,0,0,0,0,1
"724",724,0,1470,4,0,2,2,0,1,0,0,0,1,0,0,0,0,0,0,1
"725",725,0,1698,3,0,3,4,1,1,1,0,0,0,0,0,0,0,0,0,1
"726",726,0,864,3,0,1,1,0,1,0,0,1,0,0,0,0,0,0,0,1
"727",727,0,1680,3,0,3,1,1,1,0,0,1,0,0,0,0,0,0,0,1
"728",728,0,1232,2,0,3,3,0,1,0,0,1,0,0,0,0,0,0,0,1
"729",729,0,1776,4,0,3,3,0,2,0,0,0,1,0,0,0,0,0,0,1
"730",730,360,1208,2,0,1,2,0,1,0,0,0,1,0,0,0,0,0,0,1
"731",731,0,1616,2,0,3,2,1,1,0,0,1,0,0,0,0,0,0,0,1
"732",732,0,1146,3,0,3,2,1,1,0,0,1,0,0,0,0,0,0,0,1
"733",733,0,2031,3,1,2,4,1,1,0,0,1,0,0,0,0,0,0,0,1
"734",734,0,1144,3,0,2,2,1,1,0,0,0,1,0,0,0,0,0,0,1
"735",735,0,948,3,0,1,2,0,1,0,0,0,1,0,0,0,0,0,0,1
"736",736,0,1768,2,1,1,3,1,1,0,0,0,1,0,0,0,0,0,0,1
"737",737,0,1040,2,0,2,2,0,2,0,0,0,1,0,0,0,0,0,0,1
"738",738,0,1801,3,1,2,4,1,1,0,0,1,0,0,0,0,0,0,0,1
"739",739,0,1200,3,0,6,1,0,1,0,0,0,1,0,0,0,0,0,0,1
"740",740,0,1728,3,1,2,3,0,1,0,0,1,0,0,0,0,0,0,0,1
"741",741,0,1432,2,0,2,4,0,1,0,0,0,1,0,0,0,0,0,0,1
"742",742,0,912,3,1,2,1,0,1,0,0,1,0,0,0,0,0,0,0,1
"743",743,0,1349,3,0,2,2,0,1,0,0,0,1,0,0,0,0,0,0,1
"744",744,0,1464,3,1,2,2,1,1,0,0,0,1,0,0,0,1,0,0,0
"745",745,0,1337,2,0,3,2,1,1,0,0,1,0,0,0,0,0,0,0,1
"746",746,0,2715,4,2,3,6,1,1,0,0,1,0,0,0,0,0,0,0,1
"747",747,0,2256,4,1,2,3,1,1,0,0,1,0,0,0,0,0,0,0,1
"748",748,0,2640,4,1,1,3,1,1,0,0,1,0,0,0,0,0,0,0,1
"749",749,0,1720,3,0,3,3,1,1,0,0,1,0,0,0,0,0,0,0,1
"750",750,0,1529,4,0,2,4,0,1,0,0,0,1,0,0,0,0,1,0,0
"751",751,0,1140,3,0,1,3,0,1,0,0,0,1,0,0,0,1,0,0,0
"752",752,0,1320,3,1,2,2,0,1,0,0,1,0,0,0,0,0,0,0,1
"753",753,0,1494,3,0,3,2,0,1,0,0,1,0,0,0,0,0,0,0,1
"754",754,0,2098,3,1,2,4,1,1,1,0,0,0,0,0,0,0,0,0,1
"755",755,0,1026,3,0,2,1,0,1,0,0,1,0,0,0,0,0,0,0,1
"756",756,0,1471,3,1,2,2,0,1,0,0,0,1,0,0,0,0,0,0,1
"757",757,0,1768,3,1,2,3,0,1,0,0,1,0,0,0,0,0,0,0,1
"758",758,0,1386,3,1,2,2,1,1,0,0,0,1,0,0,0,0,0,0,1
"759",759,0,1501,3,1,2,2,0,1,0,0,0,1,0,0,0,0,0,0,1
"760",760,0,2531,4,1,2,4,1,1,0,0,1,0,0,0,0,0,0,0,1
"761",761,0,864,2,0,1,2,0,1,0,0,0,1,0,0,0,0,0,0,1
"762",762,0,1301,2,0,1,2,0,1,0,1,0,0,0,0,1,0,0,0,0
"763",763,0,1547,3,1,2,3,0,1,0,0,1,0,0,0,0,0,0,0,1
"764",764,0,2365,3,1,3,4,1,1,0,0,1,0,0,0,0,0,0,0,1
"765",765,0,1494,2,1,2,3,1,1,1,0,0,0,0,0,0,0,0,0,1
"766",766,0,1506,2,0,2,3,1,1,1,0,0,0,0,0,0,0,0,0,1
"767",767,0,1714,3,1,2,3,1,1,0,0,0,1,0,0,0,0,0,0,1
"768",768,0,1750,4,0,3,2,0,1,0,0,0,1,0,0,0,0,1,0,0
"769",769,0,1836,3,0,2,4,1,1,0,0,1,0,0,0,0,0,0,0,1
"770",770,0,3279,4,1,4,7,1,1,1,0,0,0,0,0,0,0,1,0,0
"771",771,0,858,2,0,2,2,0,1,0,0,0,1,0,0,0,0,0,0,1
"772",772,0,1220,2,0,1,3,0,1,0,0,0,1,0,0,0,0,0,0,1
"773",773,0,1117,3,0,2,2,1,1,0,0,0,1,0,0,0,0,0,0,1
"774",774,0,912,2,0,1,2,0,1,0,0,0,1,0,0,0,0,0,0,1
"775",775,0,1973,3,0,2,5,1,1,0,0,1,0,0,0,0,0,0,0,1
"776",776,0,1204,2,0,3,2,0,1,0,0,0,1,0,0,0,0,0,0,1
"777",777,0,1614,3,0,2,3,0,1,0,0,1,0,0,0,0,0,0,0,1
"778",778,0,894,3,0,2,1,1,1,0,0,0,1,0,0,0,0,0,0,1
"779",779,0,2020,4,0,2,4,1,2,0,0,0,1,0,0,0,0,0,0,1
"780",780,0,1004,2,0,2,1,0,1,0,0,0,1,0,0,0,0,0,0,1
"781",781,0,1253,3,0,2,2,1,1,0,0,0,1,0,0,0,0,0,0,1
"782",782,0,1603,3,1,2,3,0,1,0,0,1,0,0,0,0,0,0,0,1
"783",783,0,1430,3,0,2,2,0,1,0,0,1,0,0,0,0,0,0,0,1
"784",784,0,1110,1,0,2,2,1,1,0,0,1,0,0,0,0,0,0,0,1
"785",785,0,1484,3,0,2,5,1,1,0,0,0,1,0,0,0,0,0,0,1
"786",786,0,1342,3,0,2,3,1,1,0,0,0,1,0,0,0,0,0,0,1
"787",787,0,1652,4,0,3,2,0,1,0,0,0,1,0,0,0,0,0,0,1
"788",788,0,2084,4,1,3,3,0,1,0,0,1,0,0,0,0,0,0,0,1
"789",789,0,901,2,0,1,1,0,1,0,0,0,1,0,0,0,0,0,0,1
"790",790,0,2087,5,1,2,3,0,1,0,0,1,0,0,0,0,0,0,0,1
"791",791,0,1145,2,0,2,2,1,1,0,0,1,0,0,0,0,0,0,0,1
"792",792,0,1062,3,0,2,1,1,1,0,0,0,1,0,0,0,0,0,0,1
"793",793,0,2013,3,1,3,4,1,1,0,0,0,1,0,0,0,0,0,0,1
"794",794,0,1496,3,0,2,3,0,1,0,0,1,0,0,0,0,0,0,0,1
"795",795,0,1895,3,1,2,3,1,1,0,0,1,0,0,0,0,0,0,0,1
"796",796,0,1564,3,1,2,3,1,1,0,0,0,1,0,0,0,0,0,0,1
"797",797,0,1285,3,1,1,3,1,1,0,0,0,1,0,0,0,0,0,0,1
"798",798,0,773,2,0,1,1,0,1,0,0,0,1,0,0,0,0,0,0,1
"799",799,0,3140,4,1,3,6,1,1,1,0,0,0,0,0,0,0,0,0,1
"800",800,0,1768,3,1,2,3,1,1,0,0,1,0,0,0,0,0,0,0,1
"801",801,0,1688,4,1,3,3,0,1,0,0,1,0,0,0,0,0,0,0,1
"802",802,0,1196,2,0,2,2,0,1,0,0,0,1,0,0,0,0,0,0,1
"803",803,0,1456,3,1,3,3,1,1,0,0,1,0,0,0,0,0,0,0,1
"804",804,0,2822,4,1,3,7,1,1,1,0,0,0,0,0,0,0,0,0,1
"805",805,0,1128,2,0,1,2,0,1,0,0,0,1,0,0,1,0,0,0,0
"806",806,0,1428,3,0,2,2,0,1,1,0,0,0,0,0,0,0,0,0,1
"807",807,0,980,3,0,2,2,0,1,0,0,0,1,0,0,0,0,0,0,1
"808",808,0,1576,3,1,3,2,1,1,0,0,1,0,0,0,0,0,0,0,1
"809",809,0,1086,3,0,2,2,1,1,0,0,0,1,0,0,0,0,0,0,1
"810",810,0,2138,2,0,2,6,0,3,0,0,0,1,0,0,0,0,0,0,1
"811",811,0,1309,3,1,2,1,1,1,0,0,1,0,0,0,0,0,0,0,1
"812",812,0,848,1,0,2,2,1,1,0,0,1,0,0,0,0,0,0,0,1
"813",813,0,1044,2,0,1,1,0,1,0,1,0,0,0,0,0,0,0,0,1
"814",814,0,1442,4,1,1,2,0,1,0,0,0,1,0,0,0,0,0,0,1
"815",815,0,1250,3,2,1,3,0,1,0,1,0,0,0,0,0,0,0,0,1
"816",816,0,1661,3,0,2,2,0,1,0,0,1,0,0,0,0,0,0,0,1
"817",817,0,1008,2,0,1,1,1,1,0,0,0,1,0,0,0,0,0,0,1
"818",818,0,1689,3,0,3,3,1,1,0,0,1,0,0,0,0,0,0,0,1
"819",819,0,1052,3,0,2,2,0,1,0,0,0,1,0,0,0,0,0,0,1
"820",820,0,1358,2,0,3,3,1,1,0,0,1,0,0,0,0,0,0,0,1
"821",821,0,1640,3,1,2,2,0,1,0,0,1,0,0,0,0,0,0,0,1
"822",822,0,936,2,0,1,1,0,1,0,0,0,1,0,0,0,1,0,0,0
"823",823,0,1733,3,1,2,3,1,1,0,0,1,0,0,0,0,0,0,0,1
"824",824,0,1489,3,0,2,3,1,1,0,0,0,1,0,0,0,0,0,0,1
"825",825,0,1489,3,0,2,3,1,1,0,0,1,0,0,0,0,0,0,0,1
"826",826,0,2084,2,0,3,4,1,1,1,0,0,0,0,0,0,0,0,0,1
"827",827,0,784,2,0,2,2,0,1,0,0,1,0,0,0,0,0,0,0,1
"828",828,0,1434,3,0,2,2,1,1,0,0,1,0,0,0,0,0,0,0,1
"829",829,0,2126,3,2,2,3,0,1,0,0,0,1,0,0,0,1,0,0,0
"830",830,80,1223,2,1,2,1,0,1,0,0,1,0,0,0,0,0,0,0,1
"831",831,0,1392,3,1,2,2,1,1,0,0,0,1,0,0,0,0,0,0,1
"832",832,80,1200,2,1,2,1,0,1,0,0,1,0,0,0,0,0,0,0,1
"833",833,0,1829,3,1,3,3,1,1,0,0,1,0,0,0,0,0,0,0,1
"834",834,0,1516,3,1,1,2,0,1,0,0,0,1,0,0,0,0,0,0,1
"835",835,0,1144,3,0,2,2,0,1,0,0,0,1,0,0,0,0,0,0,1
"836",836,0,1067,2,0,2,1,0,1,0,0,1,0,0,0,0,1,0,0,0
"837",837,0,1559,2,0,2,2,0,1,0,0,0,1,0,0,0,1,0,0,0
"838",838,0,987,2,1,2,2,0,1,0,0,0,1,0,0,0,0,0,0,1
"839",839,0,1099,3,1,1,2,0,1,0,0,1,0,0,0,0,0,0,0,1
"840",840,0,1200,3,0,1,2,0,1,0,0,0,1,0,0,0,0,0,0,1
"841",841,0,1482,4,0,2,2,0,1,0,1,0,0,0,0,0,0,0,0,1
"842",842,0,1539,3,0,2,4,1,1,0,0,1,0,0,0,0,0,0,0,1
"843",843,0,1165,3,1,2,2,0,1,0,0,0,1,0,0,0,0,0,0,1
"844",844,0,1800,6,0,2,2,0,2,0,0,0,1,0,0,0,0,0,0,1
"845",845,0,1416,4,1,1,2,1,1,0,0,0,1,0,0,0,0,0,0,1
"846",846,0,1701,3,0,3,2,1,1,0,0,0,1,0,0,0,1,0,0,0
"847",847,0,1775,3,1,3,3,1,1,0,0,1,0,0,0,0,0,0,0,1
"848",848,0,864,3,0,2,1,1,1,0,0,0,1,0,0,0,0,0,0,1
"849",849,0,2358,5,0,3,4,1,1,0,0,0,1,0,0,0,0,0,0,1
"850",850,0,1855,3,1,2,3,1,1,0,0,0,1,0,0,0,0,0,0,1
"851",851,0,848,1,0,2,1,0,1,0,0,1,0,0,0,0,0,0,0,1
"852",852,0,1456,2,0,2,4,1,1,0,0,1,0,0,0,0,0,0,0,1
"853",853,0,1646,4,0,2,2,1,1,0,0,0,1,0,0,0,0,0,0,1
"854",854,0,1445,3,1,1,3,1,1,0,0,0,1,0,0,0,0,0,0,1
"855",855,0,1779,3,1,2,2,1,1,0,0,0,1,0,0,0,0,0,0,1
"856",856,0,1040,3,1,2,2,0,1,0,0,0,1,0,0,0,0,0,0,1
"857",857,0,1026,3,0,2,1,0,1,0,0,0,1,0,0,0,0,0,0,1
"858",858,0,1481,3,1,2,2,1,1,0,0,0,1,0,0,0,0,0,0,1
"859",859,0,1370,3,0,2,2,1,1,0,0,0,1,0,0,0,0,0,0,1
"860",860,0,2654,4,1,3,4,1,1,0,0,1,0,0,0,0,0,0,0,1
"861",861,0,1426,3,1,1,3,1,1,0,0,1,0,0,0,0,0,0,0,1
"862",862,0,1039,3,1,2,2,0,1,0,0,0,1,0,0,0,0,0,0,1
"863",863,0,1097,3,0,2,2,0,1,0,0,0,1,0,0,0,0,0,0,1
"864",864,0,1148,3,0,2,2,0,1,0,0,0,1,0,0,0,0,0,0,1
"865",865,0,1372,3,0,2,2,0,1,0,0,1,0,0,0,0,0,0,0,1
"866",866,0,1002,3,0,2,1,0,1,0,0,0,1,0,0,0,0,0,0,1
"867",867,0,1646,3,0,2,2,1,1,0,0,1,0,0,0,0,0,0,0,1
"868",868,0,1120,3,1,2,1,0,1,0,1,0,0,0,0,0,0,0,0,1
"869",869,53,2320,2,0,2,4,1,1,0,0,0,1,0,0,0,0,0,0,1
"870",870,0,1949,3,1,3,4,1,1,0,0,1,0,0,0,0,0,0,0,1
"871",871,0,894,2,0,1,2,0,1,0,0,0,1,0,0,0,0,0,0,1
"872",872,0,1682,3,1,2,3,0,1,0,0,1,0,0,0,0,0,0,0,1
"873",873,0,910,3,0,1,1,0,1,0,0,1,0,0,0,0,0,0,0,1
"874",874,232,1268,3,0,1,2,1,1,0,0,0,1,0,0,0,0,0,0,1
"875",875,0,1131,3,1,1,1,0,1,0,0,0,1,0,0,0,0,0,0,1
"876",876,0,2610,4,1,2,6,1,1,1,0,0,0,0,0,0,0,0,0,1
"877",877,0,1040,3,0,2,1,0,1,0,0,0,1,0,0,0,0,0,0,1
"878",878,0,2224,4,1,3,5,1,1,1,0,0,0,0,0,0,0,0,0,1
"879",879,0,1155,3,0,2,2,0,1,0,0,1,0,0,0,0,1,0,0,0
"880",880,0,864,3,0,2,2,0,1,0,0,0,1,0,0,0,0,0,0,1
"881",881,0,1090,2,1,2,2,0,1,0,0,0,1,0,0,0,0,0,0,1
"882",882,0,1717,3,1,2,3,1,1,0,0,1,0,0,0,0,0,0,0,1
"883",883,0,1593,3,1,2,3,1,1,0,0,0,1,0,0,0,0,0,0,1
"884",884,481,2230,5,0,2,4,0,1,0,0,0,1,0,0,0,0,0,0,1
"885",885,0,892,3,0,1,1,0,1,0,0,0,1,0,0,0,0,0,0,1
"886",886,0,1709,2,0,3,2,1,1,0,0,1,0,0,0,0,0,0,0,1
"887",887,0,1712,4,0,2,2,0,2,0,0,0,1,0,0,0,0,0,0,1
"888",888,0,1393,3,1,1,4,0,1,0,0,0,1,0,0,0,0,0,0,1
"889",889,0,2217,4,0,3,3,1,1,0,0,1,0,0,0,0,0,0,0,1
"890",890,0,1505,2,0,2,3,1,1,0,0,0,1,0,0,0,0,0,0,1
"891",891,0,924,3,0,1,2,1,1,0,0,0,1,0,0,0,0,0,0,1
"892",892,0,1683,3,1,2,3,1,1,0,0,0,1,0,0,0,0,0,0,1
"893",893,0,1068,3,1,1,2,0,1,0,0,0,1,0,0,0,0,0,0,1
"894",894,0,1383,3,0,2,2,1,1,0,0,0,1,0,0,0,0,0,0,1
"895",895,0,1535,4,0,2,2,0,2,0,0,0,1,0,0,0,0,0,0,1
"896",896,0,1796,4,1,2,3,1,1,0,0,0,1,0,0,0,0,0,0,1
"897",897,0,951,2,0,1,3,0,1,0,0,0,1,0,0,0,0,0,0,1
"898",898,0,2240,6,0,2,4,0,2,0,0,0,1,0,0,0,0,0,0,1
"899",899,0,2364,2,1,3,8,1,1,1,0,0,0,0,0,0,0,0,0,1
"900",900,0,1236,3,0,1,2,1,1,0,0,0,1,0,0,0,0,0,0,1
"901",901,0,858,2,0,1,1,0,1,0,0,0,1,0,0,0,0,0,0,1
"902",902,0,1306,2,0,2,2,0,1,0,0,0,1,0,0,0,0,0,0,1
"903",903,0,1509,3,1,2,4,1,1,0,0,1,0,0,0,0,0,0,0,1
"904",904,0,1670,3,0,2,3,1,1,0,0,1,0,0,0,0,0,0,0,1
"905",905,0,902,3,0,1,2,0,1,0,0,0,1,0,0,0,0,0,0,1
"906",906,0,1063,3,0,2,2,0,1,0,0,0,1,0,0,0,0,0,0,1
"907",907,0,1636,3,0,3,4,1,1,0,0,1,0,0,0,0,0,0,0,1
"908",908,0,2057,3,1,1,2,1,1,0,0,1,0,0,0,0,0,0,0,1
"909",909,0,902,2,0,2,2,0,1,0,0,0,1,0,0,0,0,0,0,1
"910",910,0,1484,3,1,2,4,1,1,0,0,1,0,0,0,0,0,0,0,1
"911",911,0,2274,5,0,2,5,0,2,0,0,0,1,0,0,0,0,0,0,1
"912",912,0,1268,3,1,1,1,0,1,0,0,1,0,0,0,0,0,0,0,1
"913",913,0,1015,3,0,1,2,0,1,0,0,0,1,0,0,1,0,0,0,0
"914",914,0,2002,4,0,2,2,0,2,0,0,0,1,0,0,0,0,0,0,1
"915",915,0,1224,2,1,2,1,0,1,0,0,1,0,0,0,0,0,0,0,1
"916",916,0,1092,3,1,1,2,0,1,0,0,0,1,0,0,0,0,0,0,1
"917",917,0,480,1,0,1,2,0,1,0,0,0,1,0,0,0,0,0,0,1
"918",918,0,1229,3,0,1,2,0,1,0,0,0,1,0,0,0,0,0,0,1
"919",919,0,2127,4,1,3,3,1,1,0,0,1,0,0,0,0,0,0,0,1
"920",920,0,1414,3,0,2,2,1,1,0,0,0,1,0,0,1,0,0,0,0
"921",921,0,1721,3,2,2,3,0,1,0,0,1,0,0,0,0,0,0,0,1
"922",922,0,2200,4,2,4,3,0,2,0,0,0,1,0,0,0,0,0,0,1
"923",923,0,1316,3,0,2,2,1,1,0,0,1,0,0,0,0,0,0,0,1
"924",924,0,1617,2,0,3,2,1,1,0,0,1,0,0,0,0,0,0,0,1
"925",925,0,1686,3,0,3,3,1,1,0,0,0,1,0,0,0,0,0,0,1
"926",926,0,1126,3,1,2,2,0,1,1,0,0,0,0,0,0,0,0,0,1
"927",927,0,2374,4,1,2,5,1,1,1,0,0,0,0,0,0,0,0,0,1
"928",928,0,1978,4,1,2,4,1,1,0,0,0,1,0,0,0,0,0,0,1
"929",929,0,1788,3,0,2,3,1,1,1,0,0,0,0,0,0,0,0,0,1
"930",930,0,2236,4,1,2,3,1,1,0,0,1,0,0,0,0,0,0,0,1
"931",931,0,1466,3,0,2,3,0,1,0,0,1,0,0,0,0,0,0,0,1
"932",932,0,925,2,1,1,2,0,1,0,0,0,1,0,0,0,0,0,0,1
"933",933,0,1905,3,0,2,4,1,1,1,0,0,0,0,0,0,0,0,0,1
"934",934,0,1500,3,0,2,2,0,1,0,0,1,0,0,0,0,0,0,0,1
"935",935,0,2069,4,0,3,4,1,1,0,0,1,0,0,0,0,0,0,0,1
"936",936,0,747,1,0,1,3,0,1,0,0,0,1,0,0,0,0,0,0,1
"937",937,0,1200,2,0,3,2,0,1,0,0,1,0,0,0,0,0,0,0,1
"938",938,0,1971,3,1,2,4,1,1,0,0,1,0,0,0,0,0,0,0,1
"939",939,0,1962,3,1,2,3,0,1,0,0,1,0,0,0,0,0,0,0,1
"940",940,0,2403,4,0,2,5,1,1,0,0,0,1,0,0,0,0,0,0,1
"941",941,0,1728,4,0,2,2,0,2,0,0,0,1,0,0,0,0,0,0,1
"942",942,0,2060,3,1,3,4,1,1,0,0,1,0,0,0,0,0,0,0,1
"943",943,0,1440,4,0,4,2,0,2,0,0,0,1,0,0,0,0,0,0,1
"944",944,0,1632,4,0,2,2,0,2,0,0,0,1,0,0,0,0,0,0,1
"945",945,0,1344,3,1,1,3,1,1,0,0,1,0,0,0,0,0,0,0,1
"946",946,120,1869,2,0,1,4,0,1,0,0,0,1,0,0,0,0,0,0,1
"947",947,0,1144,3,0,2,2,1,1,0,0,0,1,0,0,0,0,0,0,1
"948",948,0,1629,3,0,3,5,1,1,0,0,1,0,0,0,0,0,0,0,1
"949",949,0,1776,3,1,2,3,1,1,0,0,1,0,0,0,0,0,0,0,1
"950",950,0,1381,3,1,2,1,1,1,0,0,1,0,0,0,0,0,0,0,1
"951",951,0,864,3,0,2,1,0,1,0,0,1,0,0,0,0,0,0,0,1
"952",952,0,965,3,0,2,2,0,1,0,0,0,1,0,0,0,0,0,0,1
"953",953,0,768,2,1,1,2,0,1,0,0,0,1,0,0,0,0,0,0,1
"954",954,0,1968,4,2,2,2,1,1,0,0,0,1,0,0,0,1,0,0,0
"955",955,0,980,4,2,2,0,0,0,0,0,0,1,0,0,0,0,0,0,1
"956",956,0,1958,4,0,2,2,0,2,0,0,0,1,0,0,0,0,0,0,1
"957",957,0,1229,2,1,1,2,1,1,0,0,0,1,0,0,0,0,0,0,1
"958",958,0,1057,3,0,1,2,0,1,0,0,0,1,0,0,0,0,0,0,1
"959",959,0,1337,3,0,3,2,0,1,0,0,1,0,0,0,0,0,0,0,1
"960",960,0,1416,3,1,3,2,0,1,0,0,1,0,0,0,0,0,0,0,1
"961",961,0,858,2,0,2,1,0,1,0,0,0,1,0,0,0,0,0,0,1
"962",962,0,2872,4,1,3,6,1,1,0,0,0,1,0,0,0,0,0,0,1
"963",963,0,1548,3,1,3,3,1,1,0,0,1,0,0,0,0,0,0,0,1
"964",964,0,1800,2,0,2,4,0,1,1,0,0,0,0,0,0,0,0,0,1
"965",965,0,1894,4,1,3,3,1,1,0,0,1,0,0,0,0,0,0,0,1
"966",966,0,1484,3,1,2,4,1,1,0,0,1,0,0,0,0,0,0,0,1
"967",967,0,1308,2,1,2,4,1,1,0,0,0,1,0,0,0,1,0,0,0
"968",968,0,1098,3,0,2,2,0,1,0,0,0,1,0,0,0,0,0,0,1
"969",969,0,968,2,0,1,3,0,1,0,0,0,1,0,0,0,0,0,0,1
"970",970,0,1095,2,0,2,3,0,1,0,0,0,1,0,0,0,0,0,0,1
"971",971,0,1192,4,1,1,1,0,1,0,0,0,1,0,0,0,0,0,0,1
"972",972,0,1626,2,0,2,3,0,1,0,0,1,0,0,0,0,0,0,0,1
"973",973,0,918,2,0,2,2,1,1,0,0,0,1,0,0,0,0,0,0,1
"974",974,0,1428,3,0,2,2,0,1,0,0,1,0,0,0,0,0,0,0,1
"975",975,0,2019,3,0,1,4,0,1,0,0,1,0,0,0,0,0,0,0,1
"976",976,0,1382,3,1,3,2,0,1,0,0,1,0,0,0,0,0,0,0,1
"977",977,0,869,2,0,1,1,0,1,0,1,0,0,0,0,0,0,0,0,1
"978",978,0,1241,1,1,2,2,0,1,0,0,1,0,0,0,0,0,0,0,1
"979",979,0,894,3,0,1,1,0,1,0,0,0,1,0,0,0,0,0,0,1
"980",980,0,1121,3,0,2,1,0,1,0,0,0,1,0,0,0,0,0,0,1
"981",981,0,999,3,0,2,2,0,1,1,0,0,0,0,0,0,0,0,0,1
"982",982,0,2612,4,1,3,3,1,1,0,0,1,0,0,0,0,0,0,0,1
"983",983,0,1266,2,0,2,3,1,1,0,0,1,0,0,0,0,0,0,0,1
"984",984,0,2290,4,1,2,4,1,1,0,0,1,0,0,0,0,0,0,0,1
"985",985,0,1734,4,0,2,2,0,2,0,0,1,0,0,0,0,0,0,0,1
"986",986,0,1164,3,0,2,1,0,1,0,0,0,1,0,0,0,0,0,0,1
"987",987,0,1635,2,0,1,2,0,1,0,0,1,0,0,0,0,0,0,0,1
"988",988,0,1940,3,1,3,4,1,1,1,0,0,0,0,0,0,0,0,0,1
"989",989,0,2030,4,1,2,3,1,1,0,0,1,0,0,0,0,0,0,0,1
"990",990,0,1576,3,1,2,2,0,1,0,0,1,0,0,0,0,0,0,0,1
"991",991,0,2392,3,1,3,3,1,1,0,0,1,0,0,0,0,0,0,0,1
"992",992,0,1742,4,1,1,3,1,1,0,0,1,0,0,0,0,0,0,0,1
"993",993,0,1851,3,1,2,3,1,1,0,0,1,0,0,0,0,0,0,0,1
"994",994,0,1500,3,1,2,2,0,1,0,0,1,0,0,0,0,0,0,0,1
"995",995,0,1718,3,0,3,3,1,1,1,0,0,0,0,0,0,0,0,0,1
"996",996,0,1230,3,1,2,1,0,1,0,0,0,1,0,0,0,0,0,0,1
"997",997,0,1050,3,0,2,2,0,1,0,0,0,1,0,0,0,0,0,0,1
"998",998,0,1442,2,0,2,3,1,1,0,0,0,1,0,0,0,0,0,0,1
"999",999,0,1077,3,0,1,2,1,1,0,0,0,1,0,0,0,0,0,0,1
"1000",1000,0,1208,2,0,3,3,0,1,0,0,1,0,0,0,0,0,0,0,1
"1001",1001,0,944,2,0,1,1,0,1,0,1,0,0,0,0,1,0,0,0,0
"1002",1002,0,691,2,0,1,1,0,1,1,0,0,0,0,0,0,0,0,0,1
"1003",1003,0,1574,3,0,2,3,1,1,0,0,1,0,0,0,0,0,0,0,1
"1004",1004,0,1680,4,0,2,2,0,2,0,0,0,1,0,0,0,0,0,0,1
"1005",1005,0,1504,1,0,2,5,1,1,0,0,1,0,0,0,0,0,0,0,1
"1006",1006,0,985,3,0,2,2,0,1,0,0,0,1,0,0,0,0,0,0,1
"1007",1007,0,1657,3,1,2,3,1,1,0,0,0,1,0,0,0,0,0,0,1
"1008",1008,0,1092,3,1,1,2,0,1,0,0,0,1,0,0,0,0,0,0,1
"1009",1009,0,1710,3,0,2,3,1,1,0,0,1,0,0,0,0,0,0,0,1
"1010",1010,514,1522,4,0,2,2,0,1,0,0,0,1,0,0,0,0,0,0,1
"1011",1011,0,1271,4,0,2,2,1,1,0,0,0,1,0,0,0,0,0,0,1
"1012",1012,0,1664,4,0,2,2,0,2,0,0,0,1,0,0,0,0,0,0,1
"1013",1013,0,1502,3,1,1,3,1,1,0,0,1,0,0,0,0,0,0,0,1
"1014",1014,0,1022,2,0,2,1,0,1,0,0,0,1,0,1,0,0,0,0,0
"1015",1015,0,1082,2,0,1,2,1,1,0,0,0,1,0,0,0,0,0,0,1
"1016",1016,0,1665,3,1,3,2,0,1,0,0,1,0,0,0,0,0,0,0,1
"1017",1017,0,1504,3,0,3,2,1,1,0,0,1,0,0,0,0,0,0,0,1
"1018",1018,0,1360,1,0,2,2,1,1,0,0,1,0,0,0,0,0,0,0,1
"1019",1019,0,1472,3,1,2,3,1,1,0,0,1,0,0,0,0,0,0,0,1
"1020",1020,0,1506,2,0,2,3,1,1,0,0,1,0,0,0,0,0,0,0,1
"1021",1021,0,1132,2,1,2,2,0,1,0,0,1,0,0,0,0,0,0,0,1
"1022",1022,0,1220,2,0,3,3,0,1,0,0,1,0,0,0,0,0,0,0,1
"1023",1023,0,1248,2,0,1,3,0,1,0,0,0,1,0,0,0,0,0,0,1
"1024",1024,0,1504,2,0,2,4,1,1,0,0,1,0,0,0,0,0,0,0,1
"1025",1025,0,2898,2,0,3,7,1,1,0,0,1,0,0,0,0,0,0,0,1
"1026",1026,0,882,3,0,2,1,0,1,0,0,0,1,0,0,0,0,0,0,1
"1027",1027,0,1264,3,0,2,2,1,1,0,0,0,1,0,0,0,0,0,0,1
"1028",1028,0,1646,3,0,3,3,1,1,0,0,1,0,0,0,0,0,0,0,1
"1029",1029,0,1376,3,0,2,2,1,1,0,0,0,1,0,0,0,0,0,0,1
"1030",1030,0,1218,3,2,1,3,0,1,0,0,0,1,0,0,0,0,0,0,1
"1031",1031,0,1928,5,0,2,3,0,2,0,0,0,1,0,0,0,0,0,0,1
"1032",1032,397,3082,5,1,3,6,1,1,0,0,0,1,0,0,0,0,0,0,1
"1033",1033,0,2520,5,1,3,4,1,1,0,0,1,0,0,0,0,0,0,0,1
"1034",1034,0,1654,3,0,3,2,0,1,0,0,1,0,0,0,0,0,0,0,1
"1035",1035,0,954,2,0,1,2,1,1,0,1,0,0,0,0,0,0,0,0,1
"1036",1036,0,845,3,0,1,1,0,1,0,0,0,1,0,0,0,0,0,0,1
"1037",1037,0,1620,2,0,3,3,1,1,1,0,0,0,0,0,0,0,0,0,1
"1038",1038,0,2263,3,1,2,3,1,1,0,0,1,0,0,0,0,0,0,0,1
"1039",1039,0,1344,3,1,1,2,1,1,0,0,0,1,0,0,0,0,0,0,1
"1040",1040,0,630,1,0,2,1,0,1,0,0,0,1,0,0,0,0,0,0,1
"1041",1041,0,1803,3,0,3,4,1,1,0,0,0,1,1,0,0,0,0,0,0
"1042",1042,0,1632,4,2,1,2,0,1,0,0,1,0,0,0,0,0,0,0,1
"1043",1043,0,1306,1,0,3,3,1,1,0,0,1,0,0,0,0,0,0,0,1
"1044",1044,0,2329,4,1,3,5,1,1,0,0,1,0,0,0,0,0,0,0,1
"1045",1045,0,2524,4,1,3,4,1,1,0,0,1,0,0,0,0,0,0,0,1
"1046",1046,0,1733,4,0,2,3,1,1,0,0,0,1,0,0,0,1,0,0,0
"1047",1047,0,2868,4,1,3,6,1,1,1,0,0,0,0,0,0,0,0,0,1
"1048",1048,0,990,3,1,1,1,0,1,0,0,0,1,0,0,0,0,0,0,1
"1049",1049,0,1771,3,0,1,5,1,1,0,0,0,1,0,0,1,0,0,0,0
"1050",1050,0,930,2,0,1,3,0,1,0,0,1,0,0,0,0,0,0,0,1
"1051",1051,0,1302,3,0,2,2,0,1,0,0,1,0,0,0,0,0,0,0,1
"1052",1052,0,1316,3,0,2,2,1,1,0,0,1,0,0,0,0,0,0,0,1
"1053",1053,0,1977,4,2,1,4,1,1,0,0,0,1,0,0,0,0,0,0,1
"1054",1054,0,1526,4,0,1,2,1,1,0,0,0,1,0,0,0,1,0,0,0
"1055",1055,0,1989,3,1,3,3,1,1,0,0,1,0,0,0,0,0,0,0,1
"1056",1056,0,1523,3,1,2,3,1,1,0,0,0,1,0,0,0,0,0,0,1
"1057",1057,0,1364,2,0,3,3,1,1,0,0,1,0,0,0,0,0,0,0,1
"1058",1058,0,1850,3,1,2,3,1,1,0,0,1,0,0,0,0,0,0,0,1
"1059",1059,0,2184,3,1,3,6,1,1,1,0,0,0,0,0,0,0,0,0,1
"1060",1060,0,1991,3,1,1,3,1,1,0,0,0,1,0,0,0,0,0,0,1
"1061",1061,0,1338,2,0,3,3,0,1,0,0,1,0,0,0,0,0,0,0,1
"1062",1062,0,894,2,0,1,3,0,1,0,0,0,1,0,0,0,0,0,0,1
"1063",1063,0,2337,5,0,2,3,0,2,0,0,0,1,0,0,0,1,0,0,0
"1064",1064,0,1103,2,0,1,2,1,1,0,0,1,0,0,0,0,0,0,0,1
"1065",1065,0,1154,3,1,1,2,1,1,0,0,0,1,0,0,0,0,0,0,1
"1066",1066,0,2260,3,1,3,3,0,1,0,0,1,0,0,0,0,0,0,0,1
"1067",1067,0,1571,3,1,2,3,1,1,0,0,0,1,0,0,0,0,0,0,1
"1068",1068,0,1611,4,1,2,2,0,1,0,0,0,1,0,0,0,0,0,0,1
"1069",1069,0,2521,5,1,3,4,1,1,0,0,0,1,1,0,0,0,0,0,0
"1070",1070,0,893,2,1,1,1,0,1,0,0,1,0,0,0,0,0,0,0,1
"1071",1071,0,1048,3,0,2,2,0,1,0,0,0,1,0,0,0,0,0,0,1
"1072",1072,0,1556,4,1,1,3,0,1,0,0,0,1,0,0,0,0,0,0,1
"1073",1073,0,1456,4,1,2,2,1,1,0,0,0,1,0,0,0,0,0,0,1
"1074",1074,0,1426,3,1,1,2,0,1,0,0,0,1,0,0,0,0,0,0,1
"1075",1075,0,1240,2,0,2,2,0,1,0,0,1,0,0,0,0,0,0,0,1
"1076",1076,0,1740,3,1,1,2,1,1,0,0,0,1,0,0,0,0,0,0,1
"1077",1077,0,1466,3,1,2,3,1,1,0,0,1,0,0,0,1,0,0,0,0
"1078",1078,0,1096,3,0,2,2,0,1,0,0,0,1,0,0,0,0,0,0,1
"1079",1079,0,848,1,0,2,1,1,1,0,0,1,0,0,0,0,0,0,0,1
"1080",1080,0,990,3,0,1,1,0,1,0,0,0,1,0,0,0,0,0,0,1
"1081",1081,0,1258,3,1,2,1,0,1,0,0,1,0,0,0,0,0,0,0,1
"1082",1082,0,1040,3,1,2,1,0,1,0,0,0,1,0,0,0,0,0,0,1
"1083",1083,0,1459,3,0,2,2,1,1,0,0,1,0,0,0,0,0,0,0,1
"1084",1084,0,1251,3,0,2,2,1,1,0,0,0,1,0,0,0,0,0,0,1
"1085",1085,0,1498,3,1,2,2,1,1,0,0,0,1,0,0,0,0,0,0,1
"1086",1086,0,996,2,0,2,2,0,1,0,0,1,0,0,0,0,0,0,0,1
"1087",1087,0,1092,3,1,1,2,0,1,0,0,0,1,0,0,0,0,0,0,1
"1088",1088,0,1953,3,1,2,5,1,1,0,0,1,0,0,0,0,0,0,0,1
"1089",1089,0,1709,3,0,2,3,0,1,0,0,1,0,1,0,0,0,0,0,0
"1090",1090,0,1247,1,1,2,2,1,1,0,0,1,0,0,0,0,0,0,0,1
"1091",1091,0,1040,2,0,2,2,0,2,0,0,0,1,0,0,0,0,0,0,1
"1092",1092,0,1252,2,1,3,1,0,1,0,0,1,0,0,0,0,0,0,0,1
"1093",1093,0,1694,4,0,2,2,1,1,0,0,0,1,0,0,0,0,0,0,1
"1094",1094,0,1200,1,1,2,4,0,1,0,0,1,0,0,0,0,0,0,0,1
"1095",1095,0,936,2,0,2,1,0,1,0,0,0,1,0,0,0,0,0,0,1
"1096",1096,0,1314,3,0,2,2,1,1,0,0,1,0,0,0,0,0,0,0,1
"1097",1097,0,1355,3,1,1,3,0,1,0,0,1,0,0,0,0,0,0,0,1
"1098",1098,0,1088,2,1,1,2,0,1,0,0,1,0,0,0,0,0,0,0,1
"1099",1099,0,1324,3,0,1,2,0,1,0,0,0,1,0,0,0,0,0,0,1
"1100",1100,0,1601,3,0,2,3,1,1,0,0,0,1,0,0,0,0,0,0,1
"1101",1101,0,438,1,0,1,1,0,1,0,1,0,0,0,0,0,0,0,0,1
"1102",1102,0,950,3,0,1,1,0,1,0,0,0,1,0,0,0,0,0,0,1
"1103",1103,0,1134,2,0,1,3,0,1,0,0,0,1,0,0,0,0,0,0,1
"1104",1104,0,1194,3,1,1,2,1,1,0,0,0,1,0,0,0,0,0,0,1
"1105",1105,0,1302,3,1,2,2,0,1,0,0,0,1,0,0,0,0,0,0,1
"1106",1106,0,2622,3,1,3,5,1,1,0,0,1,0,0,0,0,0,0,0,1
"1107",1107,0,1442,3,0,3,2,1,1,0,0,1,0,0,0,0,0,0,0,1
"1108",1108,0,2021,3,1,2,5,1,1,0,0,1,0,0,0,0,0,0,0,1
"1109",1109,0,1690,3,1,2,3,1,1,0,0,0,1,0,0,0,0,0,0,1
"1110",1110,0,1836,3,0,3,3,1,1,0,0,1,0,0,0,0,0,0,0,1
"1111",1111,0,1658,3,1,3,4,1,1,0,0,0,1,0,0,0,0,0,0,1
"1112",1112,0,1964,4,1,2,3,1,1,0,0,0,1,0,0,0,0,0,0,1
"1113",1113,0,816,2,0,2,2,0,1,0,0,0,1,0,0,0,0,0,0,1
"1114",1114,0,1008,2,0,2,3,0,1,0,0,1,0,0,0,0,0,0,0,1
"1115",1115,0,833,2,0,1,1,0,1,0,0,1,0,0,0,0,0,0,0,1
"1116",1116,0,1734,3,0,3,3,1,1,1,0,0,0,0,0,0,0,0,0,1
"1117",1117,0,1419,3,1,3,3,1,1,0,0,1,0,0,0,0,0,0,0,1
"1118",1118,0,894,3,0,2,1,0,1,0,0,1,0,0,0,0,0,0,0,1
"1119",1119,0,1601,3,1,1,2,0,1,0,0,0,1,0,0,0,1,0,0,0
"1120",1120,0,1040,3,0,1,2,0,1,0,0,0,1,0,0,0,0,0,0,1
"1121",1121,0,1012,2,0,1,3,1,1,0,0,0,1,0,0,0,0,0,0,1
"1122",1122,0,1552,3,0,2,3,0,1,0,0,1,0,0,0,0,0,0,0,1
"1123",1123,0,960,3,0,1,1,0,1,0,0,0,1,0,0,0,0,0,0,1
"1124",1124,0,698,2,1,1,1,0,1,0,0,0,1,0,0,0,0,0,0,1
"1125",1125,0,1482,3,1,2,3,1,1,0,0,1,0,0,0,0,0,0,0,1
"1126",1126,0,1005,2,0,1,2,1,1,0,1,0,0,0,0,0,0,0,0,1
"1127",1127,0,1555,2,0,2,4,1,1,0,0,1,0,0,0,0,0,0,0,1
"1128",1128,0,1530,3,0,3,3,1,1,0,0,1,0,0,0,0,0,0,0,1
"1129",1129,0,1959,4,1,2,3,1,1,0,0,1,0,0,0,0,0,0,0,1
"1130",1130,0,936,2,0,2,1,0,1,0,0,0,1,0,0,0,0,0,0,1
"1131",1131,0,1981,4,0,3,2,1,1,0,0,1,0,0,0,0,1,0,0,0
"1132",1132,0,974,3,0,1,1,0,1,0,0,0,1,0,0,0,0,0,0,1
"1133",1133,0,2210,5,0,2,2,0,1,0,1,0,0,0,0,0,0,0,0,1
"1134",1134,0,2020,3,1,2,4,1,1,0,0,1,0,0,0,0,0,0,0,1
"1135",1135,0,1600,3,1,2,3,1,1,0,0,0,1,0,0,0,0,0,0,1
"1136",1136,0,986,2,0,1,2,1,1,0,0,0,1,0,0,0,0,0,0,1
"1137",1137,0,1252,3,0,1,2,0,1,0,0,0,1,0,0,0,0,0,0,1
"1138",1138,0,1020,2,0,1,3,0,1,0,0,0,1,0,0,0,0,0,0,1
"1139",1139,0,1567,2,0,3,2,1,1,0,0,1,0,0,0,0,0,0,0,1
"1140",1140,0,1167,3,0,1,2,1,1,0,0,0,1,1,0,0,0,0,0,0
"1141",1141,0,952,2,0,2,1,0,1,0,0,0,1,0,0,0,0,0,0,1
"1142",1142,0,1868,4,1,3,4,1,1,0,0,1,0,0,0,0,0,0,0,1
"1143",1143,0,2828,4,0,4,6,1,1,0,0,1,0,0,0,0,0,0,0,1
"1144",1144,0,1006,3,0,1,1,0,1,0,0,0,1,0,0,0,0,0,0,1
"1145",1145,0,924,2,0,2,2,0,1,0,1,0,0,0,0,0,0,0,0,1
"1146",1146,0,1576,3,0,1,4,1,1,0,0,0,1,0,0,0,0,0,0,1
"1147",1147,0,1298,3,0,3,1,1,1,0,0,1,0,0,0,0,0,0,0,1
"1148",1148,0,1564,3,1,1,3,1,1,0,1,0,0,0,0,0,0,0,0,1
"1149",1149,0,1111,2,0,1,2,1,1,0,0,0,1,0,0,0,0,0,0,1
"1150",1150,0,1482,3,1,1,3,0,1,0,0,0,1,0,0,0,0,0,0,1
"1151",1151,0,932,2,0,1,1,1,1,0,0,1,0,0,0,0,0,0,0,1
"1152",1152,0,1466,3,1,1,2,1,1,0,1,0,0,0,0,0,0,0,0,1
"1153",1153,0,1811,2,0,1,3,1,1,1,0,0,0,0,0,0,0,0,0,1
"1154",1154,0,816,2,0,1,2,0,1,0,0,0,1,0,0,0,0,0,0,1
"1155",1155,0,1820,4,2,1,3,1,1,0,0,1,0,0,0,0,0,0,0,1
"1156",1156,0,1437,3,0,3,2,1,1,0,0,1,0,0,0,0,0,0,0,1
"1157",1157,0,1265,3,1,2,2,1,1,0,0,1,0,0,0,0,0,0,0,1
"1158",1158,0,1314,2,0,3,3,1,1,0,0,1,0,0,0,0,0,0,0,1
"1159",1159,0,1580,3,0,2,3,0,1,0,0,1,0,0,0,0,0,0,0,1
"1160",1160,0,1876,4,1,2,3,1,1,0,0,1,0,0,0,0,0,0,0,1
"1161",1161,0,1456,3,1,2,3,1,1,0,0,0,1,0,0,0,0,0,0,1
"1162",1162,0,1640,3,0,2,3,1,1,0,0,1,0,0,0,0,0,0,0,1
"1163",1163,0,894,3,0,1,1,1,1,0,0,0,1,0,0,0,0,0,0,1
"1164",1164,0,1258,0,2,2,4,0,2,0,0,0,1,0,0,0,0,0,0,1
"1165",1165,0,1432,2,1,2,2,1,1,0,0,1,0,0,0,0,0,0,0,1
"1166",1166,0,1502,3,0,2,3,0,1,0,0,1,0,0,0,0,0,0,0,1
"1167",1167,0,1694,3,0,2,3,0,1,0,0,1,0,0,0,0,0,0,0,1
"1168",1168,0,1671,3,1,3,3,1,1,0,0,0,1,0,0,0,0,0,0,1
"1169",1169,0,2108,4,0,2,2,1,1,0,0,1,0,0,0,0,0,0,0,1
"1170",1170,0,3627,4,1,4,5,1,1,0,0,1,0,0,0,0,0,0,0,1
"1171",1171,0,1118,3,0,2,2,1,1,0,0,0,1,0,0,0,0,0,0,1
"1172",1172,0,1261,3,0,2,2,1,1,0,0,0,1,0,0,0,0,0,0,1
"1173",1173,0,1250,2,1,2,2,0,1,0,0,1,0,0,0,0,0,0,0,1
"1174",1174,479,3086,3,0,3,8,1,1,1,0,0,0,1,0,0,0,0,0,0
"1175",1175,0,2345,4,1,2,4,1,1,0,0,0,1,0,0,0,0,0,0,1
"1176",1176,0,2872,4,1,2,4,1,1,0,0,1,0,0,0,0,0,0,0,1
"1177",1177,0,923,3,0,2,1,0,1,0,0,0,1,0,0,0,0,0,0,1
"1178",1178,0,1224,3,0,1,1,0,1,0,0,0,1,0,0,0,0,0,0,1
"1179",1179,0,1343,3,1,1,3,1,1,0,0,0,1,0,0,0,0,0,0,1
"1180",1180,0,1124,3,0,1,1,1,1,0,0,0,1,0,0,0,1,0,0,0
"1181",1181,0,2514,4,1,2,3,0,1,0,0,0,1,0,0,0,0,0,0,1
"1182",1182,0,1652,2,1,3,2,1,1,0,0,1,0,0,0,0,0,0,0,1
"1183",1183,0,4476,4,1,4,5,1,1,1,0,0,0,0,0,0,0,0,0,1
"1184",1184,0,1130,2,0,2,2,1,1,0,0,0,1,0,0,0,0,0,0,1
"1185",1185,0,1572,3,1,2,1,1,1,0,0,0,1,0,0,0,0,0,0,1
"1186",1186,0,1221,4,0,2,2,0,1,0,0,0,1,0,0,0,0,0,0,1
"1187",1187,0,1699,3,0,3,2,0,2,0,0,0,1,0,0,0,0,0,0,1
"1188",1188,0,1624,2,0,3,2,1,1,0,0,1,0,0,0,0,0,0,0,1
"1189",1189,0,1660,3,1,2,3,0,1,0,0,1,0,0,0,0,0,0,0,1
"1190",1190,0,1804,3,1,2,3,1,1,0,0,1,0,0,0,0,0,0,0,1
"1191",1191,0,1622,3,0,2,3,1,1,0,0,0,1,0,0,0,0,0,0,1
"1192",1192,0,1441,2,1,2,2,0,1,0,0,1,0,0,0,0,0,0,0,1
"1193",1193,0,1472,3,0,1,2,0,1,0,0,1,0,0,0,0,0,0,0,1
"1194",1194,0,1224,2,0,3,2,0,1,0,0,0,1,0,0,0,0,0,0,1
"1195",1195,0,1352,4,1,1,2,0,1,0,0,0,1,0,0,0,0,0,0,1
"1196",1196,0,1456,3,1,2,4,0,1,0,0,1,0,0,0,0,0,0,0,1
"1197",1197,0,1863,4,1,2,4,1,1,0,0,1,0,0,0,0,0,0,0,1
"1198",1198,0,1690,3,0,1,3,1,1,0,0,0,1,0,0,0,0,0,0,1
"1199",1199,0,1212,3,0,2,2,0,1,0,0,1,0,0,0,0,0,0,0,1
"1200",1200,0,1382,3,1,1,2,1,1,0,0,0,1,0,0,0,0,0,0,1
"1201",1201,0,864,3,0,1,1,0,1,0,0,0,1,0,0,0,0,0,0,1
"1202",1202,0,1779,3,1,2,2,0,1,0,0,1,0,0,0,0,0,0,0,1
"1203",1203,0,1348,3,0,2,1,1,1,0,0,0,1,0,0,0,0,0,0,1
"1204",1204,0,1630,3,0,2,2,1,1,0,0,1,0,0,0,0,0,0,0,1
"1205",1205,0,1074,3,1,2,2,0,1,0,0,0,1,0,0,0,0,0,0,1
"1206",1206,0,2196,3,0,2,3,1,1,0,0,1,0,0,0,0,0,0,0,1
"1207",1207,0,1056,2,0,2,2,0,1,0,0,0,1,0,0,0,0,0,0,1
"1208",1208,0,1700,3,0,3,3,0,1,0,0,1,0,0,0,0,0,0,0,1
"1209",1209,0,1283,3,0,2,2,0,1,0,0,0,1,0,0,0,0,0,0,1
"1210",1210,0,1660,3,0,3,4,1,1,0,0,1,0,0,0,0,0,0,0,1
"1211",1211,0,1845,3,1,2,4,1,1,0,0,1,0,0,0,0,0,0,0,1
"1212",1212,0,1752,4,0,2,3,0,1,0,0,0,1,0,0,0,0,0,0,1
"1213",1213,0,672,2,0,2,1,0,1,0,0,0,1,0,0,0,0,0,0,1
"1214",1214,0,960,0,1,1,2,0,1,0,0,0,1,0,0,0,0,0,0,1
"1215",1215,0,999,3,0,2,2,0,1,0,0,0,1,0,0,0,0,0,0,1
"1216",1216,0,894,3,0,1,1,0,1,0,0,0,1,0,0,0,0,0,0,1
"1217",1217,0,1902,4,0,2,2,0,2,0,0,0,1,0,0,0,0,0,0,1
"1218",1218,0,1314,3,0,3,2,0,1,0,0,1,0,0,0,0,0,0,0,1
"1219",1219,0,912,2,0,1,0,0,1,0,0,0,1,0,0,0,0,0,0,1
"1220",1220,0,1218,3,1,1,3,0,1,0,0,0,1,0,0,0,0,0,0,1
"1221",1221,0,912,2,0,1,2,0,1,0,0,0,1,0,0,0,0,0,0,1
"1222",1222,0,1211,3,0,1,1,1,1,0,0,0,1,0,0,0,0,0,0,1
"1223",1223,0,1846,3,0,2,3,1,1,0,0,0,1,0,0,0,0,0,0,1
"1224",1224,0,2136,4,0,2,2,0,1,0,0,0,1,0,0,0,0,1,0,0
"1225",1225,0,1490,3,1,3,4,1,1,0,0,1,0,0,0,0,0,0,0,1
"1226",1226,0,1138,3,1,1,2,0,1,0,0,0,1,0,0,0,0,0,0,1
"1227",1227,0,1933,4,1,2,4,1,1,0,0,1,0,0,0,0,0,0,0,1
"1228",1228,0,912,2,0,2,2,0,1,0,0,1,0,0,0,0,0,0,0,1
"1229",1229,0,1702,1,1,2,5,1,1,1,0,0,0,0,0,0,0,0,0,1
"1230",1230,0,1507,4,0,2,2,0,1,0,0,0,1,1,0,0,0,0,0,0
"1231",1231,0,2620,4,2,2,6,1,2,0,0,0,1,0,0,0,0,0,0,1
"1232",1232,0,1190,3,0,2,2,0,1,0,0,0,1,0,0,0,0,0,0,1
"1233",1233,0,1224,2,0,2,2,0,2,0,0,0,1,0,0,0,0,0,0,1
"1234",1234,0,1188,3,0,2,2,0,1,0,0,0,1,0,0,0,0,0,0,1
"1235",1235,0,1964,4,1,1,2,0,1,0,0,0,1,0,0,0,0,0,0,1
"1236",1236,0,1784,4,1,1,4,0,1,0,0,0,1,0,0,0,0,0,0,1
"1237",1237,0,1626,2,1,2,3,0,1,0,0,1,0,0,0,0,0,0,0,1
"1238",1238,0,1948,4,1,2,3,1,1,0,0,1,0,0,0,0,0,0,0,1
"1239",1239,0,1141,3,1,1,2,0,1,0,0,0,1,0,0,0,0,0,0,1
"1240",1240,0,1484,2,0,2,3,1,1,1,0,0,0,0,0,0,0,0,0,1
"1241",1241,0,1768,3,1,3,4,0,1,0,0,1,0,0,0,0,0,0,0,1
"1242",1242,0,1689,3,0,2,3,0,1,0,0,1,0,0,0,0,0,0,0,1
"1243",1243,0,1173,3,0,3,2,1,1,0,0,1,0,0,0,0,0,0,0,1
"1244",1244,0,2076,2,1,3,4,1,1,1,0,0,0,0,0,0,0,0,0,1
"1245",1245,0,1517,3,0,1,3,1,1,0,0,1,0,0,0,0,0,0,0,1
"1246",1246,0,1868,3,1,3,3,1,1,0,0,0,1,0,0,0,0,0,0,1
"1247",1247,0,1553,3,1,2,2,0,1,0,0,1,0,0,0,0,0,0,0,1
"1248",1248,0,1034,3,0,2,2,0,1,0,0,0,1,0,0,0,0,0,0,1
"1249",1249,0,2058,3,1,1,4,1,1,0,0,0,1,0,0,0,0,0,0,1
"1250",1250,0,988,3,0,1,2,0,1,0,0,0,1,0,0,0,0,0,0,1
"1251",1251,0,2110,3,1,3,4,1,1,1,0,0,0,0,0,0,0,0,0,1
"1252",1252,0,1405,2,0,2,3,1,1,0,0,1,0,0,0,0,0,0,0,1
"1253",1253,0,874,3,0,2,1,0,1,0,0,0,1,0,0,0,0,0,0,1
"1254",1254,0,2167,3,1,3,5,1,1,0,0,1,0,0,0,0,0,0,0,1
"1255",1255,0,1656,3,1,2,3,1,1,0,0,1,0,0,0,0,0,0,0,1
"1256",1256,0,1367,3,0,1,2,1,1,0,0,0,1,0,0,0,0,0,0,1
"1257",1257,0,1987,2,0,3,4,1,1,0,0,1,0,0,0,0,0,0,0,1
"1258",1258,0,864,2,0,1,1,0,1,0,0,0,1,0,0,0,0,0,0,1
"1259",1259,0,1166,2,0,3,2,0,1,0,0,1,0,0,0,0,0,0,0,1
"1260",1260,0,1054,3,1,2,2,0,1,0,0,0,1,0,0,0,0,0,0,1
"1261",1261,0,1675,3,1,2,3,1,1,0,0,0,1,0,0,0,0,0,0,1
"1262",1262,0,1050,2,0,1,2,0,1,0,0,0,1,0,0,0,0,0,0,1
"1263",1263,0,1788,5,0,2,2,1,1,0,0,0,1,0,0,0,1,0,0,0
"1264",1264,0,1824,3,0,1,4,1,1,0,0,0,1,0,0,0,0,0,0,1
"1265",1265,0,1337,2,0,3,2,0,1,0,0,1,0,0,0,0,0,0,0,1
"1266",1266,0,1452,3,1,3,2,0,1,0,0,1,0,0,0,0,0,0,0,1
"1267",1267,0,1889,4,1,1,3,1,2,0,0,0,1,0,0,0,0,0,0,1
"1268",1268,0,2018,3,0,2,6,1,1,1,0,0,0,0,0,0,0,0,0,1
"1269",1269,0,3447,4,1,3,6,1,1,0,0,1,0,0,0,0,0,0,0,1
"1270",1270,0,1524,3,1,1,3,0,1,0,0,0,1,0,0,0,0,0,0,1
"1271",1271,0,1524,0,1,2,3,1,1,0,0,1,0,0,0,0,0,0,0,1
"1272",1272,0,1489,3,0,2,3,1,1,0,0,1,0,0,0,0,0,0,0,1
"1273",1273,0,935,3,0,2,1,0,1,0,0,0,1,0,0,0,0,0,0,1
"1274",1274,0,1357,2,0,2,2,1,1,1,0,0,0,0,0,0,0,0,0,1
"1275",1275,0,1250,3,0,2,4,1,1,0,0,0,1,0,0,0,0,0,0,1
"1276",1276,0,1920,4,0,2,4,0,2,0,0,0,1,0,0,0,0,0,0,1
"1277",1277,0,1395,3,2,1,2,1,1,0,0,0,1,0,0,0,0,0,0,1
"1278",1278,0,1724,3,1,2,3,1,1,0,0,0,1,0,0,0,0,0,0,1
"1279",1279,0,2031,3,1,3,3,1,1,0,0,1,0,0,0,0,0,0,0,1
"1280",1280,0,1128,2,0,1,3,0,1,0,0,0,1,0,0,0,0,0,0,1
"1281",1281,0,1573,3,0,3,2,0,1,0,0,1,0,0,0,0,0,0,0,1
"1282",1282,0,1339,2,0,3,3,1,1,0,0,0,1,0,0,0,0,0,0,1
"1283",1283,0,1040,3,0,2,1,0,1,0,0,1,0,0,0,0,0,0,0,1
"1284",1284,0,1824,4,2,2,2,0,2,0,0,0,1,0,0,0,0,0,0,1
"1285",1285,0,2447,4,0,2,5,1,1,0,0,1,0,0,0,0,1,0,0,0
"1286",1286,0,1412,4,0,1,1,1,1,0,0,0,1,0,0,0,0,0,0,1
"1287",1287,0,1328,3,1,2,2,1,1,0,0,0,1,0,0,0,0,0,0,1
"1288",1288,0,1582,4,1,2,2,0,1,0,0,0,1,0,0,0,0,0,0,1
"1289",1289,0,1659,2,0,3,2,1,1,1,0,0,0,0,0,0,0,0,0,1
"1290",1290,0,1970,3,1,2,4,1,1,1,0,0,0,0,0,0,0,0,0,1
"1291",1291,0,1152,3,0,2,2,1,1,0,0,0,1,0,0,0,0,0,0,1
"1292",1292,0,1302,3,1,2,2,0,1,0,0,0,1,0,0,0,0,0,0,1
"1293",1293,0,2372,4,0,2,5,0,2,0,0,0,1,0,0,0,1,0,0,0
"1294",1294,0,1664,4,1,2,3,1,1,0,0,0,1,0,0,0,0,0,0,1
"1295",1295,0,864,2,0,2,2,0,1,0,0,0,1,0,0,0,0,0,0,1
"1296",1296,0,1052,3,1,2,1,0,1,0,0,0,1,0,0,0,0,0,0,1
"1297",1297,0,1128,3,0,3,2,0,1,0,0,0,1,0,0,0,0,0,0,1
"1298",1298,0,1072,2,0,3,2,0,1,0,0,0,1,0,0,0,0,0,0,1
"1299",1299,0,5642,3,1,4,8,1,1,1,0,0,0,0,0,0,0,0,0,1
"1300",1300,0,1246,3,1,2,2,0,1,0,0,1,0,0,0,0,0,0,0,1
"1301",1301,0,1983,3,1,2,5,1,1,0,0,1,0,0,0,0,0,0,0,1
"1302",1302,0,1494,3,0,1,3,1,1,0,0,1,0,0,0,0,0,0,0,1
"1303",1303,0,2526,4,1,3,3,1,1,0,0,1,0,0,0,0,0,0,0,1
"1304",1304,0,1616,3,0,2,3,0,1,0,0,1,0,0,0,0,0,0,0,1
"1305",1305,0,1708,3,0,2,3,0,1,0,0,1,0,1,0,0,0,0,0,0
"1306",1306,0,1652,2,0,3,3,1,1,1,0,0,0,0,0,0,0,0,0,1
"1307",1307,0,1368,2,0,2,3,1,1,0,0,1,0,0,0,0,0,0,0,1
"1308",1308,0,990,3,0,2,1,0,1,0,0,0,1,0,0,0,0,0,0,1
"1309",1309,0,1122,2,0,2,3,0,1,0,0,1,0,0,0,0,0,0,0,1
"1310",1310,0,1294,3,0,3,2,0,1,0,0,1,0,0,0,0,0,0,0,1
"1311",1311,0,1902,3,0,3,3,1,1,1,0,0,0,0,0,0,0,0,0,1
"1312",1312,0,1274,3,0,3,2,0,1,0,0,1,0,0,0,0,0,0,0,1
"1313",1313,0,2810,4,1,2,4,1,1,0,0,1,0,0,0,0,0,0,0,1
"1314",1314,0,2599,4,1,2,5,1,1,0,0,1,0,0,0,0,0,0,0,1
"1315",1315,0,948,3,0,2,1,1,1,0,0,0,1,0,0,0,0,0,0,1
"1316",1316,0,2112,4,1,2,4,1,1,0,0,0,1,0,0,0,0,0,0,1
"1317",1317,0,1630,3,0,3,4,1,1,1,0,0,0,0,0,0,0,0,0,1
"1318",1318,0,1352,2,0,2,2,1,1,0,0,1,0,0,0,0,0,0,0,1
"1319",1319,0,1787,3,0,2,3,1,1,0,0,1,0,0,0,0,0,0,0,1
"1320",1320,0,948,3,0,1,1,0,1,0,0,0,1,0,0,0,0,0,0,1
"1321",1321,0,1478,3,1,2,2,1,1,0,0,0,1,0,0,0,0,0,0,1
"1322",1322,0,720,2,0,1,1,0,1,0,0,0,1,0,0,0,0,0,0,1
"1323",1323,0,1923,3,1,3,4,1,1,0,0,1,0,0,0,0,0,0,0,1
"1324",1324,0,708,2,0,1,2,0,1,0,1,0,0,0,0,0,0,0,0,1
"1325",1325,0,1795,2,0,2,4,1,1,0,0,1,0,0,0,0,0,0,0,1
"1326",1326,0,796,2,0,1,2,0,1,0,0,0,1,0,0,0,0,0,0,1
"1327",1327,0,774,3,0,1,2,0,1,0,0,1,0,0,0,0,0,0,0,1
"1328",1328,0,816,3,1,1,1,1,1,0,0,1,0,0,0,0,0,0,0,1
"1329",1329,0,2792,5,0,2,2,1,1,0,0,0,1,0,0,0,0,1,0,0
"1330",1330,0,1632,3,1,2,4,1,1,0,0,0,1,0,0,0,0,0,0,1
"1331",1331,0,1588,3,0,2,3,1,1,0,0,1,0,0,0,0,0,0,0,1
"1332",1332,0,954,3,0,1,2,0,1,0,0,0,1,0,0,0,0,0,0,1
"1333",1333,0,816,2,0,2,0,1,1,0,0,0,1,0,0,0,0,0,0,1
"1334",1334,0,1360,2,1,1,3,0,1,0,0,1,0,0,0,0,0,0,0,1
"1335",1335,0,1365,3,1,1,3,0,1,0,0,0,1,0,0,1,0,0,0,0
"1336",1336,0,1334,2,1,2,3,1,1,0,0,0,1,0,0,0,0,0,0,1
"1337",1337,0,1656,4,0,2,2,0,2,0,0,0,1,0,0,0,0,0,0,1
"1338",1338,0,693,2,0,1,1,0,1,0,1,0,0,0,0,0,0,0,0,1
"1339",1339,0,1861,3,1,3,4,0,1,0,0,1,0,0,0,0,0,0,0,1
"1340",1340,0,864,3,0,1,1,0,1,0,0,0,1,0,0,0,0,0,0,1
"1341",1341,0,872,3,0,1,1,0,1,0,0,0,1,0,0,0,0,0,0,1
"1342",1342,0,1114,3,0,2,2,0,1,0,0,1,0,0,0,0,0,0,0,1
"1343",1343,0,2169,3,1,2,3,1,1,0,0,1,0,0,0,0,0,0,0,1
"1344",1344,0,1913,3,1,1,5,1,1,0,0,0,1,0,0,0,0,0,0,1
"1345",1345,0,1456,3,1,2,4,1,1,0,0,1,0,0,0,0,0,0,0,1
"1346",1346,0,960,2,0,1,2,0,1,0,1,0,0,0,0,0,0,0,0,1
"1347",1347,0,2156,3,0,2,5,1,1,0,0,0,1,0,0,0,0,0,0,1
"1348",1348,0,1776,3,0,3,3,1,1,0,0,1,0,0,0,0,0,0,0,1
"1349",1349,0,1494,3,0,3,1,1,1,0,0,1,0,0,0,0,0,0,0,1
"1350",1350,205,2358,4,0,2,3,0,1,0,0,0,1,0,0,0,0,0,0,1
"1351",1351,0,2634,6,3,3,4,0,2,0,0,0,1,0,0,0,0,0,0,1
"1352",1352,0,1716,4,1,1,3,1,1,0,0,0,1,0,0,0,0,0,0,1
"1353",1353,0,1176,2,0,1,1,0,1,0,0,0,1,0,0,0,0,0,0,1
"1354",1354,0,3238,4,1,3,4,1,1,0,0,1,0,0,0,0,0,0,0,1
"1355",1355,0,1865,3,1,3,3,1,1,0,0,1,0,0,0,0,0,0,0,1
"1356",1356,0,1920,4,0,3,3,1,1,0,0,1,0,0,0,0,0,0,0,1
"1357",1357,0,892,3,0,1,1,0,1,0,0,0,1,0,0,0,0,0,0,1
"1358",1358,0,1078,3,1,2,2,1,1,0,0,0,1,0,0,0,0,0,0,1
"1359",1359,0,1573,3,1,2,1,0,1,0,0,1,0,0,0,0,0,0,0,1
"1360",1360,0,1980,3,0,3,4,1,1,1,0,0,0,0,0,0,0,0,0,1
"1361",1361,0,2601,4,1,3,3,0,1,0,0,0,1,0,0,0,0,0,0,1
"1362",1362,0,1530,3,0,3,3,1,1,0,0,1,0,0,0,0,0,0,0,1
"1363",1363,0,1738,4,0,2,2,1,1,0,0,0,1,0,0,0,0,0,0,1
"1364",1364,0,1412,3,1,2,2,1,1,0,0,1,0,0,0,0,0,0,0,1
"1365",1365,80,1200,2,1,2,1,0,1,0,0,1,0,0,0,0,0,0,0,1
"1366",1366,0,1674,3,1,3,3,0,1,0,0,1,0,0,0,0,0,0,0,1
"1367",1367,0,1790,3,1,3,3,0,1,0,0,1,0,0,0,0,0,0,0,1
"1368",1368,0,1475,4,0,2,1,1,1,0,0,0,1,0,0,0,0,0,0,1
"1369",1369,0,848,1,0,2,2,0,1,0,0,1,0,0,0,0,0,0,0,1
"1370",1370,0,1668,3,0,3,4,1,1,0,0,1,0,0,0,0,0,0,0,1
"1371",1371,0,1374,2,0,1,3,0,1,0,0,0,1,0,0,0,0,0,0,1
"1372",1372,0,1661,3,0,2,4,1,1,0,0,1,0,0,0,0,0,0,0,1
"1373",1373,0,2097,3,1,3,4,1,1,0,0,1,0,0,0,0,0,0,0,1
"1374",1374,0,2633,2,1,3,5,1,1,1,0,0,0,0,0,0,0,0,0,1
"1375",1375,0,1958,3,1,2,5,1,1,0,0,1,0,0,0,0,0,0,0,1
"1376",1376,0,1571,3,0,2,3,1,1,0,0,1,0,0,0,0,0,0,0,1
"1377",1377,0,790,2,0,1,1,0,1,0,0,0,1,0,0,0,0,0,0,1
"1378",1378,0,1604,3,0,2,2,0,1,0,0,0,1,0,0,0,1,0,0,0
"1379",1379,0,987,2,1,1,2,0,1,0,0,0,1,0,0,0,0,0,0,1
"1380",1380,0,1394,3,1,2,3,0,1,0,0,1,0,0,0,0,0,0,0,1
"1381",1381,0,864,2,0,2,2,0,1,0,0,0,1,0,0,0,0,0,0,1
"1382",1382,0,2117,4,1,2,2,1,1,0,0,0,1,0,0,0,0,0,0,1
"1383",1383,0,1762,4,1,2,3,0,1,0,0,1,0,0,0,0,0,0,0,1
"1384",1384,0,1416,3,0,2,3,0,1,0,0,1,0,0,0,0,0,0,0,1
"1385",1385,0,1258,2,0,1,3,0,1,0,0,0,1,0,0,0,0,0,0,1
"1386",1386,0,1154,3,0,2,3,0,1,0,0,1,0,0,0,0,0,0,0,1
"1387",1387,0,2784,5,1,4,6,1,1,0,0,1,0,0,0,0,0,0,0,1
"1388",1388,0,2526,5,0,2,4,1,1,0,0,1,0,0,0,0,0,0,0,1
"1389",1389,0,1746,3,0,3,3,1,1,1,0,0,0,0,0,0,0,0,0,1
"1390",1390,0,1218,3,1,1,2,1,1,0,0,0,1,0,0,0,0,0,0,1
"1391",1391,0,1525,3,0,3,2,0,1,0,0,1,0,0,0,0,0,0,0,1
"1392",1392,0,1584,4,0,2,2,0,2,0,0,0,1,0,0,0,0,1,0,0
"1393",1393,0,900,3,0,2,2,1,1,0,0,0,1,0,0,0,0,0,0,1
"1394",1394,0,1912,3,0,2,2,1,2,0,0,0,1,0,0,0,0,0,0,1
"1395",1395,0,1500,2,0,3,3,1,1,0,0,1,0,0,0,0,0,0,0,1
"1396",1396,0,2482,4,1,2,4,1,1,0,0,1,0,0,0,0,0,0,0,1
"1397",1397,0,1687,3,0,2,3,1,1,0,0,0,1,0,0,1,0,0,0,0
"1398",1398,0,1513,4,1,1,3,0,1,0,0,0,1,0,0,0,0,0,0,1
"1399",1399,0,1904,3,1,2,3,0,1,0,0,0,1,0,0,1,0,0,0,0
"1400",1400,0,1608,3,1,2,3,1,1,0,0,1,0,0,0,0,0,0,0,1
"1401",1401,0,1158,3,0,1,1,1,1,0,0,0,1,0,0,0,0,0,0,1
"1402",1402,0,1593,3,1,3,4,1,1,0,0,0,1,0,0,0,0,0,0,1
"1403",1403,0,1294,2,0,2,3,1,1,0,0,1,0,0,0,0,0,0,0,1
"1404",1404,0,1464,3,0,3,2,0,1,0,0,1,0,0,0,0,0,0,0,1
"1405",1405,0,1214,3,0,1,2,0,1,0,0,0,1,0,0,0,0,0,0,1
"1406",1406,0,1646,2,1,3,2,1,1,0,0,1,0,0,0,0,0,0,0,1
"1407",1407,0,768,2,0,2,2,0,1,0,0,0,1,0,0,0,0,0,0,1
"1408",1408,0,833,3,0,2,1,0,1,0,0,0,1,0,0,0,0,0,0,1
"1409",1409,0,1363,3,0,1,2,0,1,0,0,0,1,0,0,0,0,0,0,1
"1410",1410,0,2093,3,1,2,3,1,1,0,0,0,1,0,0,0,0,0,0,1
"1411",1411,0,1840,3,1,3,2,0,1,0,0,1,0,0,0,0,0,0,0,1
"1412",1412,0,1668,3,1,1,2,0,1,0,0,0,1,0,0,0,1,0,0,0
"1413",1413,0,1040,2,0,2,2,0,2,0,0,0,1,0,0,0,0,0,0,1
"1414",1414,0,1844,2,0,3,4,1,1,0,0,1,0,0,0,0,0,0,0,1
"1415",1415,0,1848,4,1,1,3,1,1,0,0,1,0,0,0,0,0,0,0,1
"1416",1416,0,1569,1,1,2,5,1,1,0,0,1,0,0,0,0,0,0,0,1
"1417",1417,0,2290,4,0,2,5,0,2,0,0,0,1,0,0,0,0,0,0,1
"1418",1418,0,2450,3,1,3,3,1,1,0,0,1,0,0,0,0,0,0,0,1
"1419",1419,0,1144,3,1,2,2,0,1,0,0,0,1,0,0,0,0,0,0,1
"1420",1420,0,1844,3,0,3,3,1,1,0,0,1,0,0,0,0,0,0,0,1
"1421",1421,0,1416,3,1,2,3,1,1,0,0,0,1,0,0,0,0,0,0,1
"1422",1422,0,1069,2,0,2,1,1,1,0,0,0,1,0,0,0,0,0,0,1
"1423",1423,0,848,1,0,2,1,0,1,0,0,1,0,0,0,0,0,0,0,1
"1424",1424,0,2201,4,0,2,3,1,1,0,0,1,0,0,0,0,0,0,0,1
"1425",1425,0,1344,2,0,2,3,1,1,0,0,0,1,0,0,1,0,0,0,0
"1426",1426,0,1252,3,0,1,3,0,1,0,0,1,0,0,0,0,0,0,0,1
"1427",1427,0,2127,3,1,3,1,1,1,0,0,1,0,0,0,0,0,0,0,1
"1428",1428,0,1558,3,1,2,2,1,1,0,0,0,1,0,0,0,0,0,0,1
"1429",1429,0,804,2,0,2,1,1,1,0,0,1,0,0,0,0,0,0,0,1
"1430",1430,0,1440,3,0,2,3,1,1,0,0,1,0,0,0,0,0,0,0,1
"1431",1431,0,1838,4,1,2,2,1,1,0,0,0,1,0,0,0,0,0,0,1
"1432",1432,0,958,2,0,2,2,0,1,0,0,0,1,0,0,0,0,0,0,1
"1433",1433,0,968,4,0,2,0,0,1,0,0,0,1,0,0,0,0,0,0,1
"1434",1434,0,1792,3,1,3,4,1,1,0,0,0,1,0,0,0,0,0,0,1
"1435",1435,0,1126,3,0,3,1,1,1,0,0,0,1,0,0,0,0,0,0,1
"1436",1436,0,1537,3,1,2,3,1,1,0,0,1,0,0,0,0,0,0,0,1
"1437",1437,0,864,3,0,1,1,0,1,0,0,0,1,0,0,0,0,0,0,1
"1438",1438,0,1932,2,0,3,4,1,1,1,0,0,0,0,0,0,0,0,0,1
"1439",1439,0,1236,2,0,2,3,0,1,0,0,0,1,0,0,0,0,0,0,1
"1440",1440,0,1725,3,1,2,2,1,1,0,0,0,1,0,0,0,0,0,0,1
"1441",1441,384,2555,3,0,2,7,1,1,0,0,0,1,0,0,1,0,0,0,0
"1442",1442,0,848,1,0,2,1,1,1,0,0,1,0,0,0,0,0,0,0,1
"1443",1443,0,2007,3,1,3,6,1,1,1,0,0,0,0,0,0,0,0,0,1
"1444",1444,0,952,2,0,1,1,1,1,0,1,0,0,0,0,0,0,0,0,1
"1445",1445,0,1422,3,0,2,3,0,1,0,0,1,0,0,0,0,0,0,0,1
"1446",1446,0,913,3,0,2,2,0,1,0,0,0,1,0,0,0,0,0,0,1
"1447",1447,0,1188,3,0,1,2,0,1,0,0,0,1,0,0,0,0,0,0,1
"1448",1448,0,2090,3,1,3,4,1,1,0,0,1,0,0,0,0,0,0,0,1
"1449",1449,0,1346,2,1,1,3,0,1,0,0,0,1,0,0,0,1,0,0,0
"1450",1450,0,630,1,0,2,1,0,1,1,0,0,0,0,0,0,0,0,0,1
"1451",1451,0,1792,4,2,2,2,0,2,0,0,0,1,0,0,0,0,0,0,1
"1452",1452,0,1578,3,0,2,3,1,1,1,0,0,0,0,0,0,0,0,0,1
"1453",1453,0,1072,2,0,2,2,0,1,0,0,0,1,0,0,0,0,0,0,1
"1454",1454,0,1140,3,0,1,2,0,1,0,0,0,1,0,0,0,0,0,0,1
"1455",1455,0,1221,2,0,3,3,0,1,0,0,1,0,0,0,0,0,0,0,1
"1456",1456,0,1647,3,1,2,3,1,1,0,0,0,1,0,0,0,0,0,0,1
"1457",1457,0,2073,3,0,3,3,1,1,0,0,0,1,0,0,1,0,0,0,0
"1458",1458,0,2340,4,0,2,4,1,1,0,0,1,0,0,0,0,0,0,0,1
"1459",1459,0,1078,2,0,2,2,0,1,0,0,1,0,0,0,0,0,0,0,1
"1460",1460,0,1256,3,1,2,2,0,1,0,0,0,1,0,0,0,0,0,0,1
